target_id	logFC	AveExpr	t	P.Value	adj.P.Val	B	ensembl_transcript_id	transcript_version	ens_gene	ext_gene	description	gene_label	significant	sleuth_qval
ENSGALT00010000453.1	2.9346904445790147	7.1984028133952735	15.45842045398212	1.935345023082066e-9	6.919794914787619e-7	12.201300536437143	ENSGALT00010000453	1	ENSGALG00010000225	LIF	LIF interleukin 6 family cytokine [Source:HGNC Symbol;Acc:HGNC:6596]	LIF	Upregulated in Infected	8.653992201344486e-8
ENSGALT00010000678.1	3.046921068249375	5.441952402280229	16.33686724235333	1.008484995711501e-9	4.676042417057515e-7	12.88377553677595	ENSGALT00010000678	1	ENSGALG00010000356	NA	NA	ENSGALG00010000356	Upregulated in Infected	1.906910708501408e-8
ENSGALT00010001147.1	2.7111115924903273	1.8222168689129379	5.782283004703933	7.836738139713706e-5	0.0012022478275513734	1.870750209322984	ENSGALT00010001147	1	ENSGALG00010000554	NA	NA	ENSGALG00010000554	Upregulated in Infected	8.53147472458011e-5
ENSGALT00010001163.1	3.5727658174493495	0.5604318812141946	4.230783770679784	0.0011002873271251665	0.007391263475063846	-0.7549562979432736	ENSGALT00010001163	1	ENSGALG00010000560	NA	NA	ENSGALG00010000560	Upregulated in Infected	8.769877197433764e-4
ENSGALT00010003156.1	3.2981396321794	6.529707849306826	13.004117222344641	1.4534307426947169e-8	2.517160367504413e-6	10.15670502601992	ENSGALT00010003156	1	ENSGALG00010001364	SMCHD1	structural maintenance of chromosomes flexible hinge domain containing 1 [Source:HGNC Symbol;Acc:HGNC:29090]	SMCHD1	Upregulated in Infected	1.361219999449409e-17
ENSGALT00010003163.1	5.0425759976691	0.3234896992251891	6.925149035007441	1.3833449069115511e-5	3.6291112303450017e-4	1.199147202366687	ENSGALT00010003163	1	ENSGALG00010001372	NA	NA	ENSGALG00010001372	Upregulated in Infected	3.1173185705737674e-6
ENSGALT00010003301.1	2.214079708996897	0.11210447637781104	4.3129445684576995	9.491718669183962e-4	0.006633430626055173	-0.6353889672385167	ENSGALT00010003301	1	ENSGALG00010001434	NA	NA	ENSGALG00010001434	Upregulated in Infected	0.008181697984820217
ENSGALT00010003313.1	2.586904102977656	1.5522316696890617	4.531122372651125	6.436542355113264e-4	0.005008258017836112	-0.10293736707398171	ENSGALT00010003313	1	ENSGALG00010001439	NA	NA	ENSGALG00010001439	Upregulated in Infected	4.622936105482636e-4
ENSGALT00010003465.1	3.1055926929160385	7.106654017900238	16.930148325603813	6.611084792745827e-10	3.4082448298974303e-7	13.29304194574	ENSGALT00010003465	1	ENSGALG00010001499	TIPARP	TCDD inducible poly(ADP-ribose) polymerase [Source:HGNC Symbol;Acc:HGNC:23696]	TIPARP	Upregulated in Infected	2.85252301227989e-14
ENSGALT00010003486.1	2.599194586669302	2.4356010621538817	5.2266444846138205	1.9441096905096632e-4	0.0022458063376351333	0.8952438760941375	ENSGALT00010003486	1	ENSGALG00010001507	METTL4	methyltransferase 4, N6-adenosine [Source:HGNC Symbol;Acc:HGNC:24726]	METTL4	Upregulated in Infected	3.115063284301246e-7
ENSGALT00010003669.1	3.9808620807026722	4.586045168057222	9.987004658259462	2.8883484494930944e-7	2.1852869770772325e-5	7.2352532217778975	ENSGALT00010003669	1	ENSGALG00010001606	PIGA	phosphatidylinositol glycan anchor biosynthesis class A [Source:NCBI gene (formerly Entrezgene);Acc:418624]	PIGA	Upregulated in Infected	3.16820549635614e-7
ENSGALT00010003926.1	3.626075418442635	3.209861032932034	9.637032594955803	4.279910144573001e-7	2.9103388983096407e-5	6.902877220172778	ENSGALT00010003926	1	ENSGALG00010001711	CREB5	cAMP responsive element binding protein 5 [Source:HGNC Symbol;Acc:HGNC:16844]	CREB5	Upregulated in Infected	5.473423614781027e-6
ENSGALT00010004228.1	3.8298466531338495	0.11295545141385648	6.752180137143446	1.7783345841343555e-5	4.34643010596366e-4	1.6004631733887686	ENSGALT00010004228	1	ENSGALG00010001862	XRRA1	X-ray radiation resistance associated 1 [Source:HGNC Symbol;Acc:HGNC:18868]	XRRA1	Upregulated in Infected	2.060503213229266e-4
ENSGALT00010004323.1	8.336699458468582	-0.10754575390767634	3.938045157015799	0.00187374183807759	0.010884986652647801	-1.648242137385029	ENSGALT00010004323	1	ENSGALG00010001888	SNX10	sorting nexin 10 [Source:NCBI gene (formerly Entrezgene);Acc:420628]	SNX10	Upregulated in Infected	9.333739731908342e-14
ENSGALT00010004370.1	2.889068617065663	4.941911842554943	10.884054265504655	1.1062522431250558e-7	1.12017679532101e-5	8.155191172329843	ENSGALT00010004370	1	ENSGALG00010001911	USP35	ubiquitin specific peptidase 35 [Source:HGNC Symbol;Acc:HGNC:20061]	USP35	Upregulated in Infected	5.317989410599855e-7
ENSGALT00010004549.1	2.4566159338725364	1.1887089709403837	7.555878429829512	5.717900059384261e-6	1.9530725503302048e-4	4.051670682016024	ENSGALT00010004549	1	ENSGALG00010002005	COLQ	collagen like tail subunit of asymmetric acetylcholinesterase [Source:HGNC Symbol;Acc:HGNC:2226]	COLQ	Upregulated in Infected	2.109800340858596e-4
ENSGALT00010005448.1	9.658173631642338	3.2705824925685625	5.104488067635265	2.3877061175446107e-4	0.0025644704076419056	0.19460315691690333	ENSGALT00010005448	1	ENSGALG00010002380	CMPK2	cytidine/uridine monophosphate kinase 2 [Source:HGNC Symbol;Acc:HGNC:27015]	CMPK2	Upregulated in Infected	3.719891645485227e-10
ENSGALT00010005704.1	2.406850622639176	-0.10110333707464891	3.1386426842492465	0.008304089002069151	0.03194257244453738	-2.373944249114658	ENSGALT00010005704	1	ENSGALG00010002471	OGFRL1	opioid growth factor receptor like 1 [Source:HGNC Symbol;Acc:HGNC:21378]	OGFRL1	Upregulated in Infected	0.009126100903720027
ENSGALT00010006189.1	2.366651963437061	4.52509104345102	17.01829109147127	6.216312870446284e-10	3.2810291360012677e-7	13.33576910071555	ENSGALT00010006189	1	ENSGALG00010002671	NA	NA	ENSGALG00010002671	Upregulated in Infected	8.829252996993967e-9
ENSGALT00010007289.1	2.0756316426210915	2.47403038247258	7.805859752528234	4.0836486212210335e-6	1.521450800592065e-4	4.697875775047684	ENSGALT00010007289	1	ENSGALG00010003110	BF1	major histocompatibility complex B, class I heavy chain BF1 [Source:NCBI gene (formerly Entrezgene);Acc:693260]	BF1	Upregulated in Infected	8.178262743578685e-6
ENSGALT00010007304.1	2.8120068798005726	3.7825772663480555	11.682156692386094	4.968064016774158e-8	6.222149329031047e-6	9.024403743878127	ENSGALT00010007304	1	ENSGALG00010003131	TAP1	transporter 1, ATP binding cassette subfamily B member, MHCB region [Source:NCBI gene (formerly Entrezgene);Acc:427727]	TAP1	Upregulated in Infected	8.730347156020865e-8
ENSGALT00010007353.1	2.9712375297083815	3.495766667679512	9.289527454654909	6.395763224434561e-7	3.9493392523472245e-5	6.489862899681523	ENSGALT00010007353	1	ENSGALG00010003159	TAP2	transporter 2, ATP binding cassette subfamily B member, MHCB region [Source:NCBI gene (formerly Entrezgene);Acc:427728]	TAP2	Upregulated in Infected	1.5142681656775246e-6
ENSGALT00010007808.1	9.659403816912464	2.103367288721998	3.488051987568269	0.004312213153923519	0.019701801565576375	-2.1418242268124885	ENSGALT00010007808	1	ENSGALG00010003331	EPSTI1	epithelial stromal interaction 1 [Source:HGNC Symbol;Acc:HGNC:16465]	EPSTI1	Upregulated in Infected	2.082383449521775e-6
ENSGALT00010008631.1	3.161661114742366	-0.09409147946012124	5.340134888272463	1.6091615566917087e-4	0.0019806714818846084	0.31877916451038324	ENSGALT00010008631	1	ENSGALG00010003738	NA	NA	ENSGALG00010003738	Upregulated in Infected	8.003924725365424e-4
ENSGALT00010008783.1	3.9081178506912053	0.8849734423369015	3.379664743347177	0.005281630824671773	0.02294399218524865	-1.9637955828249676	ENSGALT00010008783	1	ENSGALG00010003791	ITGB8	integrin subunit beta 8 [Source:HGNC Symbol;Acc:HGNC:6163]	ITGB8	Upregulated in Infected	6.597895086576199e-4
ENSGALT00010009351.1	6.170201224958258	0.2970151311076793	3.6095631179312866	0.003438021946616737	0.016673391055042622	-2.0092447545467893	ENSGALT00010009351	1	ENSGALG00010004043	CAB39L	calcium binding protein 39 like [Source:NCBI gene (formerly Entrezgene);Acc:418865]	CAB39L	Upregulated in Infected	0.005348044316631235
ENSGALT00010009492.1	3.8636425018585903	4.779392608570662	14.71160599183077	3.4607985787402347e-9	9.83576703762994e-7	11.655761859953763	ENSGALT00010009492	1	ENSGALG00010004083	PHF11	PHD finger protein 11 [Source:NCBI gene (formerly Entrezgene);Acc:418867]	PHF11	Upregulated in Infected	2.9078395275819595e-15
ENSGALT00010010059.1	3.505915727732473	1.1828492478163	3.488057306743011	0.004312170304272196	0.019701801565576375	-1.7890171190338693	ENSGALT00010010059	1	ENSGALG00010004312	PDLIM5	PDZ and LIM domain 5 [Source:NCBI gene (formerly Entrezgene);Acc:422699]	PDLIM5	Upregulated in Infected	0.0013382991874399165
ENSGALT00010010337.1	2.286265815039511	3.4618099145336876	8.937869316388042	9.718967358591312e-7	5.386251710131305e-5	6.052860094217499	ENSGALT00010010337	1	ENSGALG00010004425	CREM	cAMP responsive element modulator [Source:NCBI gene (formerly Entrezgene);Acc:378903]	CREM	Upregulated in Infected	1.937021320218863e-10
ENSGALT00010010509.1	4.6042899686089935	-1.1134106552226815	5.652604504014288	9.650362228580318e-5	0.001384655209599796	-0.133978122257167	ENSGALT00010010509	1	ENSGALG00010004507	CUL2	cullin 2 [Source:NCBI gene (formerly Entrezgene);Acc:420467]	CUL2	Upregulated in Infected	0.0011939277205048919
ENSGALT00010010646.1	2.053269407124444	3.060419727218676	4.334579179738203	9.130748163823752e-4	0.006440831867120985	-0.868554101660183	ENSGALT00010010646	1	ENSGALG00010004577	ZPLD1	zona pellucida like domain containing 1 [Source:HGNC Symbol;Acc:HGNC:27022]	ZPLD1	Upregulated in Infected	2.2921984046955368e-5
ENSGALT00010010829.1	3.0793905784332902	5.944467886339067	13.110764798159359	1.3225450568956506e-8	2.3572308262860175e-6	10.27571623127304	ENSGALT00010010829	1	ENSGALG00010004663	NA	NA	ENSGALG00010004663	Upregulated in Infected	6.429496562642913e-19
ENSGALT00010011244.1	3.9689108769054067	0.36982629916862403	4.169143154865334	0.0012298736581306021	0.007969552544121366	-1.0119367696222046	ENSGALT00010011244	1	ENSGALG00010004832	C6orf58	chromosome 6 open reading frame 58 [Source:HGNC Symbol;Acc:HGNC:20960]	C6orf58	Upregulated in Infected	1.0460649059577818e-5
ENSGALT00010011259.1	6.147597194215748	-0.5633187016404863	2.9493505564232247	0.011854127227703898	0.04153347437707287	-2.8017869969055873	ENSGALT00010011259	1	ENSGALG00010004844	NA	NA	ENSGALG00010004844	Upregulated in Infected	1.529681803370617e-5
ENSGALT00010011643.1	-5.039054512558675	-1.693013054944367	-7.48477839896937	6.30104726503339e-6	2.0941771479949056e-4	1.0631128541525312	ENSGALT00010011643	1	ENSGALG00010004962	NA	NA	ENSGALG00010004962	Downregulated in Infected	3.2507680058434767e-4
ENSGALT00010011938.1	7.551846454201935	-1.2499309955982352	3.3239257417401435	0.005863373339621006	0.02472198604753776	-2.356071297172577	ENSGALT00010011938	1	ENSGALG00010005057	FLVCR2	FLVCR choline and putative heme transporter 2 [Source:HGNC Symbol;Acc:HGNC:20105]	FLVCR2	Upregulated in Infected	2.2239064512510678e-12
ENSGALT00010012050.1	4.576607097543591	5.1541746896465614	14.119405210328205	5.593412633177415e-9	1.3342540598773332e-6	11.184394841685357	ENSGALT00010012050	1	ENSGALG00010005122	IL8L1	interleukin 8-like 1 [Source:NCBI gene (formerly Entrezgene);Acc:395872]	IL8L1	Upregulated in Infected	5.211118487513095e-7
ENSGALT00010012069.1	3.3349254596388445	6.448905242528272	9.87626017741526	3.26718246612834e-7	2.383616689347105e-5	6.9350394494273235	ENSGALT00010012069	1	ENSGALG00010005131	IL8L2	interleukin 8-like 2 [Source:NCBI gene (formerly Entrezgene);Acc:396495]	IL8L2	Upregulated in Infected	8.691494216848253e-6
ENSGALT00010012540.1	2.7415881865596075	0.19489853812122954	6.663437048633612	2.0260197231008776e-5	4.726401391370307e-4	2.0626277015106576	ENSGALT00010012540	1	ENSGALG00010005290	NA	NA	ENSGALG00010005290	Upregulated in Infected	0.0017738335797012747
ENSGALT00010012559.1	5.807766070926395	4.4756965626303575	8.64768289994571	1.38575339135718e-6	6.988818804031801e-5	5.741802699812114	ENSGALT00010012559	1	ENSGALG00010005295	NA	NA	ENSGALG00010005295	Upregulated in Infected	2.2777724374269995e-7
ENSGALT00010013120.1	2.693290986000729	6.373777117015076	20.41766825226507	7.075671707899993e-11	8.255446864248791e-8	15.512189940583607	ENSGALT00010013120	1	ENSGALG00010005493	KLF6	Kruppel like factor 6 [Source:NCBI gene (formerly Entrezgene);Acc:420463]	KLF6	Upregulated in Infected	1.571844438219581e-16
ENSGALT00010013725.1	2.6984732784658125	5.767977891296308	14.377046408581482	4.529210299223848e-9	1.195280165633265e-6	11.369130598400243	ENSGALT00010013725	1	ENSGALG00010005756	TET2	tet methylcytosine dioxygenase 2 [Source:NCBI gene (formerly Entrezgene);Acc:422540]	TET2	Upregulated in Infected	1.270239396566232e-7
ENSGALT00010013955.1	-3.6714043857687364	0.21913397439386778	-3.1118765958081096	0.008732715460963613	0.03307480545679846	-2.5230643537726976	ENSGALT00010013955	1	ENSGALG00010005849	SNX25	sorting nexin 25 [Source:HGNC Symbol;Acc:HGNC:21883]	SNX25	Downregulated in Infected	0.009010778784622293
ENSGALT00010014096.1	2.742157217519167	3.0031703915448285	10.782957020396259	1.2285553788227734e-7	1.1945006858659316e-5	8.119576258635512	ENSGALT00010014096	1	ENSGALG00010005892	NA	NA	ENSGALG00010005892	Upregulated in Infected	1.014435789384959e-5
ENSGALT00010014352.1	3.0911906707524466	6.641855674500207	22.107153615340888	2.7206330784209853e-11	3.547705534260965e-8	16.44163429858883	ENSGALT00010014352	1	ENSGALG00010006005	NA	NA	ENSGALG00010006005	Upregulated in Infected	1.3752837019414042e-9
ENSGALT00010014410.1	3.943318712506684	3.9680983863709605	12.374797635259819	2.5726045674520665e-8	3.93306883112258e-6	9.667686318477312	ENSGALT00010014410	1	ENSGALG00010006025	TNFAIP3	TNF alpha induced protein 3 [Source:HGNC Symbol;Acc:HGNC:11896]	TNFAIP3	Upregulated in Infected	5.457444180986572e-6
ENSGALT00010014640.1	2.9838699691215793	6.106082403126834	8.454578665261653	1.763368103788893e-6	8.2469080432051e-5	5.18960507720859	ENSGALT00010014640	1	ENSGALG00010006134	K123	endonuclease domain containing 1 [Source:NCBI gene (formerly Entrezgene);Acc:395873]	K123	Upregulated in Infected	1.936456219865313e-9
ENSGALT00010014676.1	3.133210071162316	4.384311537339683	6.880788070724458	1.4748392410945528e-5	3.819420128105613e-4	3.178241792497353	ENSGALT00010014676	1	ENSGALG00010006156	NFKBIZ	NFKB inhibitor zeta [Source:NCBI gene (formerly Entrezgene);Acc:418404]	NFKBIZ	Upregulated in Infected	8.439120557266655e-8
ENSGALT00010014700.1	2.7972276763122914	4.114872520788137	10.576749849876318	1.5253926565158734e-7	1.3915598522487195e-5	7.885479209136799	ENSGALT00010014700	1	ENSGALG00010006172	NA	tetratricopeptide repeat domain 31 [Source:HGNC Symbol;Acc:HGNC:25759]	ENSGALG00010006172	Upregulated in Infected	1.22317068396258e-6
ENSGALT00010014711.1	5.305101174697923	-0.9464119327820392	4.979229313102235	2.9541634299093286e-4	0.0029592361009593312	-0.6523037561519569	ENSGALT00010014711	1	ENSGALG00010006175	IL2RA	interleukin 2 receptor subunit alpha [Source:NCBI gene (formerly Entrezgene);Acc:395294]	IL2RA	Upregulated in Infected	0.0027038514381174114
ENSGALT00010014790.1	2.288118976882032	3.334366597652988	8.327387618439818	2.071255428676831e-6	9.29553344986284e-5	5.300020373197654	ENSGALT00010014790	1	ENSGALG00010006212	FOS	Fos proto-onco, AP-1 transcription factor subunit [Source:NCBI gene (formerly Entrezgene);Acc:396512]	FOS	Upregulated in Infected	1.1461072947853974e-5
ENSGALT00010014847.1	3.6142049035593993	-0.6953437769784712	3.8437556592500104	0.0022282755033267575	0.012254133306312965	-1.7740744946947138	ENSGALT00010014847	1	ENSGALG00010006240	NA	NA	ENSGALG00010006240	Upregulated in Infected	0.005603953318531137
ENSGALT00010014876.1	3.335146751522035	2.400671823726135	6.879088971085848	1.4784690233011293e-5	3.819895257405528e-4	3.4626303185030816	ENSGALT00010014876	1	ENSGALG00010006245	PFKFB3	6-phosphofructo-2-kinase/fructose-2,6-biphosphatase 3 [Source:HGNC Symbol;Acc:HGNC:8874]	PFKFB3	Upregulated in Infected	2.2777724374269995e-7
ENSGALT00010015993.1	2.1008369503411966	5.143492886683222	9.99415852247213	2.865552173669743e-7	2.1754644036270842e-5	7.138344578910606	ENSGALT00010015993	1	ENSGALG00010006681	CRISPLD2	cysteine rich secretory protein LCCL domain containing 2 [Source:HGNC Symbol;Acc:HGNC:25248]	CRISPLD2	Upregulated in Infected	2.6983115877688364e-6
ENSGALT00010016060.1	2.6654733702308535	6.673979075025761	24.197149035248483	9.145017486361283e-12	1.6893895636471408e-8	17.48872997804589	ENSGALT00010016060	1	ENSGALG00010006715	IRF8	interferon regulatory factor 8 [Source:NCBI gene (formerly Entrezgene);Acc:396385]	IRF8	Upregulated in Infected	3.1971606231335854e-11
ENSGALT00010016529.1	4.44959174955578	2.6527509825874622	4.657013724404884	5.158012085627232e-4	0.0043426818045645445	0.07003088117716683	ENSGALT00010016529	1	ENSGALG00010006963	NA	NA	ENSGALG00010006963	Upregulated in Infected	5.794880829785149e-6
ENSGALT00010017065.1	4.48958510300872	-0.3579938916897173	4.242346323903119	0.0010775970033365333	0.007287422321526623	-1.3177713766906414	ENSGALT00010017065	1	ENSGALG00010007162	NA	NA	ENSGALG00010007162	Upregulated in Infected	3.4968554022837676e-4
ENSGALT00010017116.1	2.47964168572118	5.189609354747114	7.751273193683015	4.392323751999201e-6	1.6041026842556557e-4	4.307022778959805	ENSGALT00010017116	1	ENSGALG00010007175	FOXC2	forkhead box C2 [Source:HGNC Symbol;Acc:HGNC:3801]	FOXC2	Upregulated in Infected	1.0953560546361422e-4
ENSGALT00010017596.1	4.200881400177645	5.667131151612428	18.395905538843895	2.4631748224751815e-10	1.743203674717735e-7	14.25540085919292	ENSGALT00010017596	1	ENSGALG00010007382	EIF2AK2	eukaryotic translation initiation factor 2 alpha kinase 2 [Source:NCBI gene (formerly Entrezgene);Acc:395147]	EIF2AK2	Upregulated in Infected	3.8904464783592486e-11
ENSGALT00010017614.1	2.479372710816874	6.450760567361864	15.105166806180335	2.5394962585584116e-9	7.928951135172234e-7	11.936080817686179	ENSGALT00010017614	1	ENSGALG00010007391	NANP	N-acetylneuraminic acid phosphatase [Source:NCBI gene (formerly Entrezgene);Acc:421467]	NANP	Upregulated in Infected	5.680984790972045e-8
ENSGALT00010018171.1	2.8061480398302354	0.40988609003851073	3.927818729421568	0.0019092150030354095	0.011004544510475549	-1.1392968431087134	ENSGALT00010018171	1	ENSGALG00010007632	NA	NA	ENSGALG00010007632	Upregulated in Infected	0.0011554708396480566
ENSGALT00010018248.1	4.15697584416612	8.076640284738922	19.198648247148054	1.4791097413107356e-10	1.3115561898150555e-7	14.792131100497492	ENSGALT00010018248	1	ENSGALG00010007658	BIRC2	baculoviral IAP repeat containing 2 [Source:NCBI gene (formerly Entrezgene);Acc:374012]	BIRC2	Upregulated in Infected	2.556091224252564e-15
ENSGALT00010018504.1	2.6135429402107837	4.296437037368864	16.724956074325824	7.638764511246127e-10	3.763025148562314e-7	13.11596341912886	ENSGALT00010018504	1	ENSGALG00010007781	MBP	myelin basic protein [Source:NCBI gene (formerly Entrezgene);Acc:396217]	MBP	Upregulated in Infected	8.161271023566436e-13
ENSGALT00010018727.1	2.4893535579425365	8.405064866607841	13.123871995513138	1.3073553099241553e-8	2.3572308262860175e-6	10.21840741543896	ENSGALT00010018727	1	ENSGALG00010007868	INHBA	inhibin beta A subunit [Source:NCBI gene (formerly Entrezgene);Acc:396361]	INHBA	Upregulated in Infected	5.748884230436789e-12
ENSGALT00010018751.1	6.125225593558879	1.5329791214898179	2.841885998186698	0.014505262516801471	0.04836105571852233	-2.8066507309832534	ENSGALT00010018751	1	ENSGALG00010007880	BCO1	beta-carotene oxygenase 1 [Source:NCBI gene (formerly Entrezgene);Acc:395346]	BCO1	Upregulated in Infected	2.743964071048691e-7
ENSGALT00010018769.1	2.2396395109140252	0.0020500195931610807	5.571470026339115	1.1006006105586438e-4	0.0015267906342217783	0.8964405534554389	ENSGALT00010018769	1	ENSGALG00010007888	MIOX	myo-inositol oxygenase [Source:HGNC Symbol;Acc:HGNC:14522]	MIOX	Upregulated in Infected	9.03832936882242e-4
ENSGALT00010019032.1	2.064122151228221	6.92027619788079	14.623372835990034	3.713286758402205e-9	1.0162486525958034e-6	11.536016091807127	ENSGALT00010019032	1	ENSGALG00010007986	MYC	v-myc avian myelocytomatosis viral onco homolog [Source:NCBI gene (formerly Entrezgene);Acc:420332]	MYC	Upregulated in Infected	6.259493029028957e-8
ENSGALT00010019140.1	2.3371122020800454	6.079794088113488	11.881071592670187	4.098806245214295e-8	5.440858493647335e-6	9.092325846588166	ENSGALT00010019140	1	ENSGALG00010008027	C6orf62	chromosome 6 open reading frame 62 [Source:HGNC Symbol;Acc:HGNC:20998]	C6orf62	Upregulated in Infected	4.7858682096538204e-12
ENSGALT00010019145.1	6.980484291949532	4.695812234977648	22.31307504188749	2.433084440831442e-11	3.371038492771963e-8	15.18483595270936	ENSGALT00010019145	1	ENSGALG00010008029	LY6E	lymphocyte antigen 6 complex, locus E [Source:NCBI gene (formerly Entrezgene);Acc:395550]	LY6E	Upregulated in Infected	1.4335072176441086e-22
ENSGALT00010019266.1	2.6173946188124932	1.460805326448497	3.61305956762519	0.0034157301278473114	0.01661617412203625	-1.6580988228562834	ENSGALT00010019266	1	ENSGALG00010008077	NA	NA	ENSGALG00010008077	Upregulated in Infected	4.296719962439424e-4
ENSGALT00010019301.1	2.0229184522500874	4.785877482487238	13.112335272811459	1.3207150854167326e-8	2.3572308262860175e-6	10.314300213253945	ENSGALT00010019301	1	ENSGALG00010008094	PIM3	Pim-3 proto-oncogene, serine/threonine kinase [Source:HGNC Symbol;Acc:HGNC:19310]	PIM3	Upregulated in Infected	2.989994061464327e-7
ENSGALT00010019496.1	2.013345864036459	4.786605718822809	10.393421753227372	1.8544088227060037e-7	1.593354061308011e-5	7.616957939017335	ENSGALT00010019496	1	ENSGALG00010008166	RUNX2	runt related transcription factor 2 [Source:NCBI gene (formerly Entrezgene);Acc:373919]	RUNX2	Upregulated in Infected	7.649398712424208e-10
ENSGALT00010019563.1	6.290235333664952	1.2862094521023966	3.4097517754861983	0.00499225268500488	0.021957987603410355	-2.060103693717143	ENSGALT00010019563	1	ENSGALG00010008187	NA	NA	ENSGALG00010008187	Upregulated in Infected	2.195092134398825e-7
ENSGALT00010019658.1	5.453221741182285	5.242205109866431	19.88554999470807	9.711181105833282e-11	9.785339216096008e-8	15.001151733643331	ENSGALT00010019658	1	ENSGALG00010008221	NA	NA	ENSGALG00010008221	Upregulated in Infected	1.4163101365827314e-10
ENSGALT00010019674.1	3.6021622683736396	6.621651345964074	15.28925780259668	2.2026795725196046e-9	7.316978411984352e-7	12.085976225031054	ENSGALT00010019674	1	ENSGALG00010008227	DUSP1	dual specificity phosphatase 1 [Source:NCBI gene (formerly Entrezgene);Acc:374192]	DUSP1	Upregulated in Infected	1.270239396566232e-7
ENSGALT00010019975.1	5.447484264616969	2.8108086824149336	11.860714119450886	4.179758984019455e-8	5.4826566365528566e-6	8.008021387786865	ENSGALT00010019975	1	ENSGALG00010008346	NR4A3	nuclear receptor subfamily 4 group A member 3 [Source:HGNC Symbol;Acc:HGNC:7982]	NR4A3	Upregulated in Infected	1.6880907308939436e-8
ENSGALT00010020091.1	-7.1242868114416025	0.06447937988759149	-4.109843678236058	0.0013694594432077834	0.008614692660905261	-1.4615183062142658	ENSGALT00010020091	1	ENSGALG00010008387	PHF20L1	PHD finger protein 20-like 1 [Source:NCBI gene (formerly Entrezgene);Acc:420323]	PHF20L1	Downregulated in Infected	7.342205897149357e-5
ENSGALT00010020124.1	2.2116456922941077	5.10386350169588	8.021055342621272	3.0744365630157717e-6	1.245961786634984e-4	4.679872780988692	ENSGALT00010020124	1	ENSGALG00010008416	MSX2	msh homeobox 2 [Source:NCBI gene (formerly Entrezgene);Acc:395245]	MSX2	Upregulated in Infected	1.7116253637251816e-5
ENSGALT00010020454.1	2.079957417353504	3.7837635596197523	6.135549717263562	4.49808579199769e-5	8.153500251110287e-4	2.0749443656638817	ENSGALT00010020454	1	ENSGALG00010008580	PANX1	pannexin 1 [Source:HGNC Symbol;Acc:HGNC:8599]	PANX1	Upregulated in Infected	8.502929526620149e-5
ENSGALT00010020605.1	3.4609263214183814	3.754857194609182	15.400446705723681	2.022800768716293e-9	7.117690069984568e-7	12.081126823458426	ENSGALT00010020605	1	ENSGALG00010008688	HBEGF	heparin binding EGF like growth factor [Source:NCBI gene (formerly Entrezgene);Acc:395654]	HBEGF	Upregulated in Infected	3.491810727415773e-9
ENSGALT00010020960.1	-4.887075910760787	-0.09938089993589888	-4.534119075755549	6.402554386840861e-4	0.004999359832599091	-1.0318641643097175	ENSGALT00010020960	1	ENSGALG00010008824	GREM2	gremlin 2, DAN family BMP antagonist [Source:HGNC Symbol;Acc:HGNC:17655]	GREM2	Downregulated in Infected	0.005419828757389626
ENSGALT00010021028.1	-4.1667568192709945	-0.32568174444619974	-3.2230525028495913	0.0070858315352236734	0.02840996807249745	-2.4749903620002818	ENSGALT00010021028	1	ENSGALG00010008859	NA	NA	ENSGALG00010008859	Downregulated in Infected	0.008384082140059604
ENSGALT00010021220.1	3.2112741658219606	4.121591355672213	9.717610668198043	3.905570557706014e-7	2.7055840038508414e-5	6.941789689649438	ENSGALT00010021220	1	ENSGALG00010008931	FNIP2	folliculin interacting protein 2 [Source:HGNC Symbol;Acc:HGNC:29280]	FNIP2	Upregulated in Infected	0.0016110794389152935
ENSGALT00010021471.1	3.3316460128597423	3.792967531054426	10.18482139662387	2.3238593881361087e-7	1.893942918821608e-5	7.492904307518827	ENSGALT00010021471	1	ENSGALG00010009021	HNF4beta	hepatic nuclear factor 4beta [Source:NCBI gene (formerly Entrezgene);Acc:415820]	HNF4beta	Upregulated in Infected	6.496669888877636e-7
ENSGALT00010021477.1	6.895214925217361	-1.1689387237580544	4.0263470881635826	0.0015942749634309885	0.009653240082277947	-1.5678437263002136	ENSGALT00010021477	1	ENSGALG00010009024	PMAIP1	phorbol-12-myristate-13-acetate-induced protein 1 [Source:NCBI gene (formerly Entrezgene);Acc:770077]	PMAIP1	Upregulated in Infected	3.4992412232955785e-6
ENSGALT00010021560.1	3.1407515526006846	2.7446609129151223	6.305159882548351	3.466866503273647e-5	6.873435745402828e-4	2.5919888461806577	ENSGALT00010021560	1	ENSGALG00010009056	MTNR1B	melatonin receptor 1B [Source:NCBI gene (formerly Entrezgene);Acc:396338]	MTNR1B	Upregulated in Infected	5.0475616767474075e-6
ENSGALT00010021811.1	2.219107146480685	3.2039935572188596	4.395742956701472	8.185248716073681e-4	0.00592782076242801	-0.7880562255967964	ENSGALT00010021811	1	ENSGALG00010009141	MAML3	mastermind like transcriptional coactivator 3 [Source:HGNC Symbol;Acc:HGNC:16272]	MAML3	Upregulated in Infected	0.007303738995186971
ENSGALT00010021999.1	2.0514211730504783	5.2477071293681785	8.295529008105255	2.157051871749986e-6	9.563505178590738e-5	5.029537802864497	ENSGALT00010021999	1	ENSGALG00010009219	TNFRSF11B	TNF receptor superfamily member 11b [Source:NCBI gene (formerly Entrezgene);Acc:378803]	TNFRSF11B	Upregulated in Infected	3.831765074513292e-13
ENSGALT00010021986.1	4.49211340413017	3.607833268445477	6.28909091815725	3.5528574269398056e-5	6.957574508869401e-4	2.5177704069287827	ENSGALT00010021986	1	ENSGALG00010009220	GADD45G	growth arrest and DNA damage inducible gamma [Source:NCBI gene (formerly Entrezgene);Acc:429929]	GADD45G	Upregulated in Infected	6.925603869981897e-7
ENSGALT00010022103.1	2.7143060064045104	-0.16046853666946295	5.701002515519932	8.926515872453222e-5	0.0013122215110115585	0.7863999734886704	ENSGALT00010022103	1	ENSGALG00010009282	NA	NA	ENSGALG00010009282	Upregulated in Infected	0.006387956334156097
ENSGALT00010022362.1	4.317963663317559	-1.477625773206959	2.913550729600905	0.012679020081896294	0.04365773798935648	-2.89361198755104	ENSGALT00010022362	1	ENSGALG00010009374	IL12B	interleukin 12B [Source:HGNC Symbol;Acc:HGNC:5970]	IL12B	Upregulated in Infected	3.7377536549141864e-6
ENSGALT00010022668.1	2.5948293844313417	1.9287027552622895	7.303596320629913	8.092974652593003e-6	2.4723028564601376e-4	4.018840686700332	ENSGALT00010022668	1	ENSGALG00010009494	UBA2	ubiquitin like modifier activating enzyme 2 [Source:NCBI gene (formerly Entrezgene);Acc:415784]	UBA2	Upregulated in Infected	3.27659097203566e-6
ENSGALT00010022704.1	4.4445409618926774	5.7570526457655244	11.338866063214322	6.969716243216424e-8	8.07403347916419e-6	8.615668585149685	ENSGALT00010022704	1	ENSGALG00010009506	HAS2	hyaluronan synthase 2 [Source:NCBI gene (formerly Entrezgene);Acc:395594]	HAS2	Upregulated in Infected	2.926702828280988e-7
ENSGALT00010022838.1	2.5679264258600343	0.09195526370650274	3.9747007869537767	0.0017520655082366964	0.010368336408593457	-1.1411707053383733	ENSGALT00010022838	1	ENSGALG00010009583	LYPD6B	LY6/PLAUR domain containing 6B [Source:HGNC Symbol;Acc:HGNC:27018]	LYPD6B	Upregulated in Infected	0.003654856954232149
ENSGALT00010023043.1	2.5787007555788555	2.2414382759565017	4.477915686992428	7.07227000743934e-4	0.005365437423850626	-0.3379639981658098	ENSGALT00010023043	1	ENSGALG00010009659	APOLD1	apolipoprotein L domain containing 1 [Source:HGNC Symbol;Acc:HGNC:25268]	APOLD1	Upregulated in Infected	1.4743814945560843e-4
ENSGALT00010023141.1	4.786247875122462	2.290529121498203	4.4026007030760645	8.085764715266995e-4	0.005873041684404939	-0.313367783401036	ENSGALT00010023141	1	ENSGALG00010009690	RBM43	RNA binding motif protein 43 [Source:HGNC Symbol;Acc:HGNC:24790]	RBM43	Upregulated in Infected	7.821979009154773e-5
ENSGALT00010023216.1	3.5108129294832024	1.7806873485748238	3.262908593997724	0.006574763060034747	0.02695069295762764	-2.252804215584799	ENSGALT00010023216	1	ENSGALG00010009721	ZHX1	zinc fingers and homeoboxes 1 [Source:HGNC Symbol;Acc:HGNC:12871]	ZHX1	Upregulated in Infected	0.005918051471804773
ENSGALT00010023250.1	2.9672136798794724	4.866667819035527	11.318307884173974	7.11439828018362e-8	8.171605237052357e-6	8.613934611190928	ENSGALT00010023250	1	ENSGALG00010009731	NMI	N-myc and STAT interactor [Source:HGNC Symbol;Acc:HGNC:7854]	NMI	Upregulated in Infected	4.5704368629919865e-18
ENSGALT00010024329.1	-4.331797548584232	-1.3767194247626404	-5.026632945784881	2.7248094901154325e-4	0.002777175943764547	-0.6236069050102007	ENSGALT00010024329	1	ENSGALG00010010215	NA	NA	ENSGALG00010010215	Downregulated in Infected	0.004643065453075277
ENSGALT00010024628.1	4.310171079432617	0.0569353277152115	4.4584160649850375	7.321306579248807e-4	0.005486772286977267	-0.8440989288529712	ENSGALT00010024628	1	ENSGALG00010010307	NA	NA	ENSGALG00010010307	Upregulated in Infected	7.079987214590568e-5
ENSGALT00010024644.1	4.031964812858102	0.6744072262951468	6.181123847449171	4.1924833588584966e-5	7.746565825684311e-4	1.5889422173079026	ENSGALT00010024644	1	ENSGALG00010010312	NA	NA	ENSGALG00010010312	Upregulated in Infected	2.0873339438912447e-10
ENSGALT00010024976.1	2.8961341917721057	1.0310222980781742	4.193026934200104	0.0011778851431767272	0.007718403149258555	-0.6481344347614941	ENSGALT00010024976	1	ENSGALG00010010439	HGF	hepatocyte growth factor [Source:NCBI gene (formerly Entrezgene);Acc:395941]	HGF	Upregulated in Infected	3.4667424923746324e-4
ENSGALT00010025054.1	2.293765766299432	2.3295270388880973	6.526249311623965	2.4836207645963762e-5	5.424325626558863e-4	2.9353137423776943	ENSGALT00010025054	1	ENSGALG00010010489	NA	NA	ENSGALG00010010489	Upregulated in Infected	4.6704139537894286e-5
ENSGALT00010025657.1	2.884272833454563	2.139989131863312	3.181063503704391	0.007667583502641805	0.030121387752359303	-2.5767835980200373	ENSGALT00010025657	1	ENSGALG00010010743	KLHL20	kelch like family member 20 [Source:NCBI gene (formerly Entrezgene);Acc:425091]	KLHL20	Upregulated in Infected	0.0031742871558744176
ENSGALT00010025659.1	4.33287147462736	-0.8375676284133716	5.952677146996819	5.982692485599836e-5	9.986771613010328e-4	0.10828635609542836	ENSGALT00010025659	1	ENSGALG00010010744	NA	NA	ENSGALG00010010744	Upregulated in Infected	1.6071576723501128e-4
ENSGALT00010026023.1	4.625403507712685	1.8650469264285572	9.844437653665675	3.3856461494830843e-7	2.4447232521739745e-5	5.8103313569043085	ENSGALT00010026023	1	ENSGALG00010010874	NA	NA	ENSGALG00010010874	Upregulated in Infected	1.2813181255224804e-7
ENSGALT00010026347.1	-2.015353336975561	3.113993775030451	-5.028691085185219	2.71528414244858e-4	0.0027700146741739587	0.4982875897573944	ENSGALT00010026347	1	ENSGALG00010010995	HEBP1	heme binding protein 1 [Source:NCBI gene (formerly Entrezgene);Acc:417961]	HEBP1	Downregulated in Infected	0.0031742871558744176
ENSGALT00010026640.1	2.0481576936341352	6.370168147531746	10.588599480016294	1.5063999165944114e-7	1.3841243642825445e-5	7.722979986850597	ENSGALT00010026640	1	ENSGALG00010011139	UBASH3A	ubiquitin associated and SH3 domain containing A [Source:HGNC Symbol;Acc:HGNC:12462]	UBASH3A	Upregulated in Infected	2.446858301562147e-6
ENSGALT00010026782.1	2.169775581965137	2.1970564595690303	6.767847552165047	1.7380511023894336e-5	4.281012981974329e-4	3.2954966154454066	ENSGALT00010026782	1	ENSGALG00010011213	XKR6	XK related 6 [Source:HGNC Symbol;Acc:HGNC:27806]	XKR6	Upregulated in Infected	5.335962104416501e-5
ENSGALT00010027241.1	2.073636748760765	0.5263314003777897	5.388665629446062	1.484982745940478e-4	0.0018757320519662973	1.0467648095764064	ENSGALT00010027241	1	ENSGALG00010011386	CTSB	cathepsin B [Source:NCBI gene (formerly Entrezgene);Acc:396329]	CTSB	Upregulated in Infected	0.0026655789987237487
ENSGALT00010027676.1	-3.224933641904388	0.012918837761270662	-3.395626167807733	0.0051260578985143235	0.022421951754985302	-2.2009712109209487	ENSGALT00010027676	1	ENSGALG00010011567	NA	NA	ENSGALG00010011567	Downregulated in Infected	0.008584365326163924
ENSGALT00010027962.1	2.8214647722887034	1.5888560892415398	5.088972041156878	2.451221505843508e-4	0.0026136930419210624	0.798879283884208	ENSGALT00010027962	1	ENSGALG00010011688	PDE3A	phosphodiesterase 3A [Source:HGNC Symbol;Acc:HGNC:8778]	PDE3A	Upregulated in Infected	3.464395914532009e-5
ENSGALT00010028148.1	2.149513073087336	2.372111763986663	7.03523111214047	1.181375244822495e-5	3.257304281993168e-4	3.658264440914971	ENSGALT00010028148	1	ENSGALG00010011772	GRHL2	grainyhead like transcription factor 2 [Source:HGNC Symbol;Acc:HGNC:2799]	GRHL2	Upregulated in Infected	1.1795943254024663e-4
ENSGALT00010028649.1	2.650428439148689	0.7407143595378878	3.5303287118587696	0.003984948218883241	0.01854678398408643	-1.7210851130596492	ENSGALT00010028649	1	ENSGALG00010011969	TMEM173	transmembrane protein 173 [Source:NCBI gene (formerly Entrezgene);Acc:768990]	TMEM173	Upregulated in Infected	0.0016751425290713565
ENSGALT00010028887.1	2.5093481816003544	1.6142336033687132	9.66520009008914	4.1448586179267945e-7	2.8271761797600365e-5	6.5119279968381285	ENSGALT00010028887	1	ENSGALG00010012062	HMGA2	high mobility group AT-hook 2 [Source:NCBI gene (formerly Entrezgene);Acc:395851]	HMGA2	Upregulated in Infected	2.319672288138391e-7
ENSGALT00010028971.1	2.721697222071607	3.5565501234010988	10.092688329084307	2.5704595853637005e-7	2.0240775665510046e-5	7.393546614992776	ENSGALT00010028971	1	ENSGALG00010012090	HELB	DNA helicase B [Source:HGNC Symbol;Acc:HGNC:17196]	HELB	Upregulated in Infected	1.6216872393344635e-6
ENSGALT00010029199.1	7.282926185473777	2.9894745693049654	5.423046813676549	1.4031330558675461e-4	0.0018052613802943564	1.1474716456888743	ENSGALT00010029199	1	ENSGALG00010012171	CDH17	cadherin 17 [Source:NCBI gene (formerly Entrezgene);Acc:420225]	CDH17	Upregulated in Infected	4.441570721529913e-9
ENSGALT00010029255.1	3.771288034538639	3.747985655475377	7.081735499180814	1.105695415798634e-5	3.098742854288763e-4	3.6145477277015177	ENSGALT00010029255	1	ENSGALG00010012200	GEM	GTP binding protein overexpressed in skeletal muscle [Source:NCBI gene (formerly Entrezgene);Acc:404771]	GEM	Upregulated in Infected	2.004932310765034e-6
ENSGALT00010029320.1	5.176708442523531	3.8621613422599053	6.414467054115024	2.937390693390913e-5	6.085614662718669e-4	2.7220824108324475	ENSGALT00010029320	1	ENSGALG00010012229	FSBP	fibrinogen silencer binding protein [Source:HGNC Symbol;Acc:HGNC:43653]	FSBP	Upregulated in Infected	4.137630914238254e-9
ENSGALT00010029391.1	2.0229118004803124	5.712417831305714	13.423460822888208	1.0067164294153988e-8	1.9405991136765707e-6	10.54987170813826	ENSGALT00010029391	1	ENSGALG00010012274	B4GALNT3	beta-1,4-N-acetyl-galactosaminyltransferase 3 [Source:HGNC Symbol;Acc:HGNC:24137]	B4GALNT3	Upregulated in Infected	2.3302799519530838e-6
ENSGALT00010030256.1	4.167336493698811	6.658845947080028	26.685756224134042	2.793927702382976e-12	7.741973663303226e-9	18.546700834177845	ENSGALT00010030256	1	ENSGALG00010012633	USP18	ubiquitin specific peptidase 18 [Source:HGNC Symbol;Acc:HGNC:12616]	USP18	Upregulated in Infected	2.6021957604691164e-19
ENSGALT00010030355.1	2.6467671456943	3.8603416190947595	6.4534205861392415	2.7700181586688512e-5	5.820451425722379e-4	2.584339669195895	ENSGALT00010030355	1	ENSGALG00010012671	NBN	nibrin [Source:NCBI gene (formerly Entrezgene);Acc:374246]	NBN	Upregulated in Infected	5.809116688460992e-7
ENSGALT00010030387.1	5.315808012374318	-0.17931426061992078	4.2887116417902735	9.913655426036178e-4	0.006842027194407534	-1.2782758587605834	ENSGALT00010030387	1	ENSGALG00010012703	NA	NA	ENSGALG00010012703	Upregulated in Infected	1.2215993154760779e-6
ENSGALT00010030870.1	6.942371937762169	-1.255804653145312	3.454118254013761	0.004594568799829758	0.02063878442849566	-2.2076405225296356	ENSGALT00010030870	1	ENSGALG00010012871	NA	NA	ENSGALG00010012871	Upregulated in Infected	5.6560419499177316e-6
ENSGALT00010031015.1	3.1497253512940047	3.9932942511908216	17.04310746839572	6.109805848275581e-10	3.2810291360012677e-7	13.262816046092365	ENSGALT00010031015	1	ENSGALG00010012917	RUNX1	runt-related transcription factor 1 [Source:NCBI gene (formerly Entrezgene);Acc:396152]	RUNX1	Upregulated in Infected	2.9379089387326293e-15
ENSGALT00010031273.1	2.417955436382757	4.242654770304848	8.173217738062672	2.523415819772257e-6	1.0840907343548721e-4	4.992723506749821	ENSGALT00010031273	1	ENSGALG00010013037	MORC4	MORC family CW-type zinc finger 4 [Source:NCBI gene (formerly Entrezgene);Acc:418513]	MORC4	Upregulated in Infected	1.5707579958338166e-9
ENSGALT00010031312.1	3.5848451583898866	5.9018355008715835	13.74165678211014	7.669923619863305e-9	1.697573720388551e-6	10.841563854159583	ENSGALT00010031312	1	ENSGALG00010013063	PARP12	poly(ADP-ribose) polymerase family member 12 [Source:HGNC Symbol;Acc:HGNC:21919]	PARP12	Upregulated in Infected	8.036846998031566e-8
ENSGALT00010031388.1	2.5822448014906505	3.216370779551543	10.547581377176046	1.5732476364435954e-7	1.4177135611659196e-5	7.889637543490957	ENSGALT00010031388	1	ENSGALG00010013093	GPATCH3	G-patch domain containing 3 [Source:NCBI gene (formerly Entrezgene);Acc:419577]	GPATCH3	Upregulated in Infected	2.0245952751576371e-7
ENSGALT00010031775.1	3.748950346216654	4.867996302338209	18.362981861245963	2.5163531933853986e-10	1.743203674717735e-7	14.186155181702116	ENSGALT00010031775	1	ENSGALG00010013230	NA	NA	ENSGALG00010013230	Upregulated in Infected	4.607707097756149e-9
ENSGALT00010032034.1	2.2247180044112334	4.7382282289642905	13.155120467050246	1.271893723579127e-8	2.3496116720251737e-6	10.356108030617913	ENSGALT00010032034	1	ENSGALG00010013316	KDM7A	lysine demethylase 7A [Source:HGNC Symbol;Acc:HGNC:22224]	KDM7A	Upregulated in Infected	3.122517037891887e-7
ENSGALT00010032188.1	2.0914793943975214	6.4271411661624445	17.24890930226093	5.298725251610822e-10	2.9365535344427177e-7	13.519241233676738	ENSGALT00010032188	1	ENSGALG00010013372	SPRY4	sprouty RTK signaling antagonist 4 [Source:NCBI gene (formerly Entrezgene);Acc:427643]	SPRY4	Upregulated in Infected	4.572569099690171e-9
ENSGALT00010032629.1	2.097234560626084	7.225834716476211	5.9250629466699465	6.248514822090336e-5	0.0010306330102388286	1.3768116599092561	ENSGALT00010032629	1	ENSGALG00010013573	NA	NA	ENSGALG00010013573	Upregulated in Infected	4.115463300439375e-4
ENSGALT00010033158.1	12.350961139538082	1.2253868126358236	3.074035352338747	0.009376788819515215	0.03486492025344067	-2.644443338616418	ENSGALT00010033158	1	ENSGALG00010013809	MX1	myxovirus (influenza virus) resistance 1, interferon-inducible protein p78 (mouse) [Source:NCBI gene (formerly Entrezgene);Acc:395313]	MX1	Upregulated in Infected	5.741781543885558e-18
ENSGALT00010033210.1	7.921917500104379	-1.005043830436878	4.210400552739592	0.001141498926308227	0.0075676198547888025	-1.3627380201186723	ENSGALT00010033210	1	ENSGALG00010013833	TMPRSS2	transmembrane serine protease 2 [Source:HGNC Symbol;Acc:HGNC:11876]	TMPRSS2	Upregulated in Infected	1.590345704390298e-10
ENSGALT00010033422.1	3.1514153314178626	5.6826425217451435	15.929020806585546	1.3593360209332715e-9	5.764826306307059e-7	12.586389035849692	ENSGALT00010033422	1	ENSGALG00010013934	STAT1	signal transducer and activator of transcription 1 [Source:NCBI gene (formerly Entrezgene);Acc:424044]	STAT1	Upregulated in Infected	6.489566022501521e-17
ENSGALT00010033668.1	2.4788451406210155	1.6159487166397555	3.259603022113119	0.00661569954287116	0.02707344055129553	-2.3249891482048017	ENSGALT00010033668	1	ENSGALG00010014032	PSD3	pleckstrin and Sec7 domain containing 3 [Source:HGNC Symbol;Acc:HGNC:19093]	PSD3	Upregulated in Infected	0.004421635488211702
ENSGALT00010034075.1	2.3326820637873427	4.761510879267472	11.622394137022953	5.266457870230967e-8	6.558811127375286e-6	8.915028743119178	ENSGALT00010034075	1	ENSGALG00010014171	DLC1	DLC1 Rho GTPase activating protein [Source:HGNC Symbol;Acc:HGNC:2897]	DLC1	Upregulated in Infected	2.927123368663214e-7
ENSGALT00010034500.1	2.7009140227852764	5.059607300365458	13.717311242961397	7.82964910601805e-9	1.697573720388551e-6	10.838798456649394	ENSGALT00010034500	1	ENSGALG00010014323	KLF4	KLF transcription factor 4 [Source:HGNC Symbol;Acc:HGNC:6348]	KLF4	Upregulated in Infected	2.743964071048691e-7
ENSGALT00010035712.1	2.74837833521213	1.8967569985166555	3.7294315996184677	0.0027521649608030696	0.01423471601751807	-1.5618130818891443	ENSGALT00010035712	1	ENSGALG00010014840	NCF4	neutrophil cytosolic factor 4 [Source:HGNC Symbol;Acc:HGNC:7662]	NCF4	Upregulated in Infected	4.01298830594767e-4
ENSGALT00010036511.1	2.1725514744828383	6.441747364328908	11.379454004931395	6.693265281350351e-8	7.809279197735504e-6	8.565185144564493	ENSGALT00010036511	1	ENSGALG00010015146	NA	NA	ENSGALG00010015146	Upregulated in Infected	2.1337634702409879e-4
ENSGALT00010036498.1	2.238926652630533	1.9645377691398054	6.107869416485928	4.6951296217616725e-5	8.373421838713818e-4	2.3485587325372057	ENSGALT00010036498	1	ENSGALG00010015148	NA	NA	ENSGALG00010015148	Upregulated in Infected	5.616476266426773e-5
ENSGALT00010036889.1	2.88673775281013	0.05947618250970329	6.148956447443331	4.405811395731978e-5	8.012143315880762e-4	1.3664173101576127	ENSGALT00010036889	1	ENSGALG00010015350	NA	NA	ENSGALG00010015350	Upregulated in Infected	9.381734920264808e-4
ENSGALT00010037000.1	2.059287645960401	10.425402896341868	6.484328675568118	2.644414097572324e-5	5.620457499039624e-4	2.2279379930230707	ENSGALT00010037000	1	ENSGALG00010015407	TIMP3	TIMP metallopeptidase inhibitor 3 [Source:NCBI gene (formerly Entrezgene);Acc:396483]	TIMP3	Upregulated in Infected	2.0885288348435483e-4
ENSGALT00010037417.1	3.6028888071094096	5.0683800230807945	11.933287184123486	3.898771099226741e-8	5.293446415285013e-6	9.22864487290708	ENSGALT00010037417	1	ENSGALG00010015562	IRF9	interferon regulatory factor 9 [Source:NCBI gene (formerly Entrezgene);Acc:395243]	IRF9	Upregulated in Infected	1.6104880759457058e-7
ENSGALT00010037507.1	5.868018790122274	2.678080488257157	9.006268026896738	8.950622305433809e-7	5.042384790284117e-5	5.376896734245762	ENSGALT00010037507	1	ENSGALG00010015585	BDKRB1	bradykinin receptor B1 [Source:NCBI gene (formerly Entrezgene);Acc:772372]	BDKRB1	Upregulated in Infected	2.9078395275819595e-15
ENSGALT00010037804.1	2.4630874756447168	0.04184163326961282	3.8337658344186956	0.0022696713605994843	0.012391487453869723	-1.344580959604162	ENSGALT00010037804	1	ENSGALG00010015702	NA	NA	ENSGALG00010015702	Upregulated in Infected	0.007228725038438935
ENSGALT00010037812.1	2.758404237585977	8.030012698829294	11.38916218126856	6.62890201351886e-8	7.775105811411962e-6	8.536663045022934	ENSGALT00010037812	1	ENSGALG00010015706	NA	NA	ENSGALG00010015706	Upregulated in Infected	1.4619774785567977e-6
ENSGALT00010038087.1	2.5440457767352496	3.994791842607718	11.699815449654201	4.883410051388544e-8	6.150876932908025e-6	9.034458866414091	ENSGALT00010038087	1	ENSGALG00010015816	MITD1	microtubule interacting and trafficking domain containing 1 [Source:HGNC Symbol;Acc:HGNC:25207]	MITD1	Upregulated in Infected	1.265461419135933e-6
ENSGALT00010038095.1	5.95606601966718	1.4961433591137585	3.7146719036613347	0.0028284462820997655	0.01452420597210739	-1.5266578036560432	ENSGALT00010038095	1	ENSGALG00010015820	NA	NA	ENSGALG00010015820	Upregulated in Infected	7.3682265345922875e-9
ENSGALT00010038137.1	2.1085963147762268	4.932103457993895	11.443145056004433	6.282922420913273e-8	7.5286391473948885e-6	8.719431769954076	ENSGALT00010038137	1	ENSGALG00010015834	STARD8	StAR related lipid transfer domain containing 8 [Source:HGNC Symbol;Acc:HGNC:19161]	STARD8	Upregulated in Infected	2.9085707837457732e-5
ENSGALT00010038193.1	2.3793106496603578	3.360709785461238	8.977090120324183	9.2701274632615e-7	5.17632709333957e-5	6.112656333947403	ENSGALT00010038193	1	ENSGALG00010015855	NIPAL3	NIPA like domain containing 3 [Source:HGNC Symbol;Acc:HGNC:25233]	NIPAL3	Upregulated in Infected	2.1763891222035823e-4
ENSGALT00010038532.1	2.0218266153916558	6.094768309687741	5.7279335326078336	8.548728991177833e-5	0.0012730439728859788	1.1078160617328958	ENSGALT00010038532	1	ENSGALG00010015992	ATP10A	ATPase phospholipid transporting 10A (putative) [Source:HGNC Symbol;Acc:HGNC:13542]	ATP10A	Upregulated in Infected	4.941659877115641e-4
ENSGALT00010039158.1	4.882219334226487	4.271434363943439	18.10196254919343	2.9844848059027137e-10	1.9031788044543537e-7	13.76466756517564	ENSGALT00010039158	1	ENSGALG00010016289	IRF1	interferon regulatory factor 1 [Source:NCBI gene (formerly Entrezgene);Acc:396384]	IRF1	Upregulated in Infected	1.160490957597675e-11
ENSGALT00010039587.1	9.652316230627267	7.557696763299717	15.910347785671515	1.3782740627673862e-9	5.764826306307059e-7	12.552485257131758	ENSGALT00010039587	1	ENSGALG00010016426	HELZ2	helicase with zinc finger 2 [Source:HGNC Symbol;Acc:HGNC:30021]	HELZ2	Upregulated in Infected	7.638279578926266e-14
ENSGALT00010039844.1	2.522823481455249	1.5414476165916424	4.194438900941985	0.0011748837248976894	0.007710130969074002	-0.6798349503286678	ENSGALT00010039844	1	ENSGALG00010016546	C1QTNF12	C1q and TNF related 12 [Source:HGNC Symbol;Acc:HGNC:32308]	C1QTNF12	Upregulated in Infected	1.6625521447755646e-4
ENSGALT00010039982.1	-5.21471113782434	-0.3418325538433087	-3.3783153688602616	0.005295000103264692	0.022970560134867257	-2.2884931979233456	ENSGALT00010039982	1	ENSGALG00010016584	EHBP1	EH domain binding protein 1 [Source:HGNC Symbol;Acc:HGNC:29144]	EHBP1	Downregulated in Infected	6.44982238641453e-4
ENSGALT00010040070.1	-3.388366857222758	-1.0449628131990891	-2.939350814770838	0.012079015524445123	0.042048934696278184	-2.831216247572807	ENSGALT00010040070	1	ENSGALG00010016619	SLC25A47	solute carrier family 25 member 47 [Source:HGNC Symbol;Acc:HGNC:20115]	SLC25A47	Downregulated in Infected	0.0012952321887836505
ENSGALT00010040141.1	2.238330642055325	8.207223675608484	10.55817546309887	1.5556828376558298e-7	1.4076072304144667e-5	7.640761752170779	ENSGALT00010040141	1	ENSGALG00010016647	EGR1	early growth response 1 [Source:NCBI gene (formerly Entrezgene);Acc:373931]	EGR1	Upregulated in Infected	2.4073327321006825e-6
ENSGALT00010040156.1	3.7006363685279973	6.801433509919742	11.102244242251977	8.846005228537363e-8	9.612659015010603e-6	8.282807131907283	ENSGALT00010040156	1	ENSGALG00010016655	TRANK1	tetratricopeptide repeat and ankyrin repeat containing 1 [Source:HGNC Symbol;Acc:HGNC:29011]	TRANK1	Upregulated in Infected	1.090585551149597e-12
ENSGALT00010040770.1	3.5131379121292534	2.5436893788894768	3.3213552075402175	0.005891713035931376	0.02483206808781568	-2.4816929275663053	ENSGALT00010040770	1	ENSGALG00010016887	TJP2	tight junction protein 2 [Source:NCBI gene (formerly Entrezgene);Acc:395751]	TJP2	Upregulated in Infected	0.005635132634418863
ENSGALT00010040807.1	2.299398000966023	8.926246188431547	18.176691855280946	2.8415412205424737e-10	1.9031788044543537e-7	14.134545617334123	ENSGALT00010040807	1	ENSGALG00010016907	SQSTM1	sequestosome 1 [Source:HGNC Symbol;Acc:HGNC:11280]	SQSTM1	Upregulated in Infected	1.5606760042177878e-12
ENSGALT00010040879.1	4.4926003617653585	1.532553648781041	4.091392329126257	0.0014161523557120212	0.008832872384666944	-0.8311354667043505	ENSGALT00010040879	1	ENSGALG00010016930	C10H15ORF48	chromosome 10 open reading frame, human C15orf48 [Source:NCBI gene (formerly Entrezgene);Acc:415442]	C10H15ORF48	Upregulated in Infected	1.2215993154760779e-6
ENSGALT00010041008.1	2.5566949813606015	7.209553016234763	12.314104846150002	2.721836959395887e-8	4.073783922565235e-6	9.477984848665459	ENSGALT00010041008	1	ENSGALG00010016983	ZFAND2A	zinc finger AN1-type containing 2A [Source:HGNC Symbol;Acc:HGNC:28073]	ZFAND2A	Upregulated in Infected	2.670741489528719e-7
ENSGALT00010041054.1	4.364524860077877	1.3984169518797052	4.642615095687034	5.289774287636923e-4	0.0044067537169611174	-0.027391884334498684	ENSGALT00010041054	1	ENSGALG00010016998	DNASE1L2	deoxyribonuclease 1 like 2 [Source:NCBI gene (formerly Entrezgene);Acc:112533475]	DNASE1L2	Upregulated in Infected	1.4064066532871187e-5
ENSGALT00010041339.1	4.293906790272877	3.081035924667478	8.693394182124363	1.3096765155768732e-6	6.705059814620815e-5	5.7851895530857576	ENSGALT00010041339	1	ENSGALG00010017131	TLR3	toll like receptor 3 [Source:NCBI gene (formerly Entrezgene);Acc:422720]	TLR3	Upregulated in Infected	1.833292263021492e-11
ENSGALT00010041357.1	3.113654490867979	3.7918647916595756	8.757840155252865	1.2099119846443285e-6	6.252058012959319e-5	5.822230755586259	ENSGALT00010041357	1	ENSGALG00010017143	FAM149A	family with sequence similarity 149 member A [Source:HGNC Symbol;Acc:HGNC:24527]	FAM149A	Upregulated in Infected	1.2863481277514561e-6
ENSGALT00010042315.1	3.8291281410090625	4.335500632582632	4.653030699563025	5.194115042348918e-4	0.004366018186609568	-0.4432931638479083	ENSGALT00010042315	1	ENSGALG00010017505	TNFRSF8	TNF receptor superfamily member 8 [Source:NCBI gene (formerly Entrezgene);Acc:395090]	TNFRSF8	Upregulated in Infected	4.193104059994561e-4
ENSGALT00010042311.1	2.421726086516052	0.8118661286240793	3.6519072081571817	0.003177751597116791	0.015787628284375844	-1.5248829505285908	ENSGALT00010042311	1	ENSGALG00010017509	RASD1	ras related dexamethasone induced 1 [Source:NCBI gene (formerly Entrezgene);Acc:416507]	RASD1	Upregulated in Infected	0.001362076775489217
ENSGALT00010042318.1	3.3456186713825846	4.635770825918909	9.804216170780574	3.542003517547504e-7	2.5328752895804216e-5	7.000588485422324	ENSGALT00010042318	1	ENSGALG00010017513	TNIP2	TNFAIP3 interacting protein 2 [Source:NCBI gene (formerly Entrezgene);Acc:422884]	TNIP2	Upregulated in Infected	6.656404800266987e-7
ENSGALT00010042563.1	2.2589760042518585	-0.4380616416510665	3.04839813120339	0.009839945087281384	0.036174444891352193	-2.557268434544712	ENSGALT00010042563	1	ENSGALG00010017605	GFPT1	glutamine--fructose-6-phosphate transaminase 1 [Source:NCBI gene (formerly Entrezgene);Acc:419514]	GFPT1	Upregulated in Infected	0.0016559332702527868
ENSGALT00010042675.1	2.051078793020583	5.031365869251753	10.211178616782107	2.258072631529588e-7	1.860853312109588e-5	7.393647980604081	ENSGALT00010042675	1	ENSGALG00010017658	WHAMM	WASP homolog associated with actin, golgi membranes and microtubules [Source:HGNC Symbol;Acc:HGNC:30493]	WHAMM	Upregulated in Infected	2.0461101019312546e-6
ENSGALT00010042789.1	3.047545104857527	3.903972267147326	11.459711622763589	6.180675443283348e-8	7.446370284060068e-6	8.806583740701939	ENSGALT00010042789	1	ENSGALG00010017699	RNF19B	ring finger protein 19B [Source:HGNC Symbol;Acc:HGNC:26886]	RNF19B	Upregulated in Infected	1.1601340978121819e-7
ENSGALT00010042996.1	2.680198320555989	6.121069768962445	13.458904837328776	9.764016187458341e-9	1.9247791083031364e-6	10.572559219986887	ENSGALT00010042996	1	ENSGALG00010017791	CCNL2	cyclin L2 [Source:NCBI gene (formerly Entrezgene);Acc:395124]	CCNL2	Upregulated in Infected	2.0947401195069762e-9
ENSGALT00010043014.1	3.0620093013391885	6.663517404748194	12.672649047254723	1.9573795509202278e-8	3.121668337035943e-6	9.841009542633767	ENSGALT00010043014	1	ENSGALG00010017804	DUSP5	dual specificity phosphatase 5 [Source:HGNC Symbol;Acc:HGNC:3071]	DUSP5	Upregulated in Infected	3.233759320560846e-7
ENSGALT00010043192.1	2.5186327525118966	1.6860784774166553	3.9340687126244394	0.0018874539981772948	0.010927417140661862	-1.1595233893728523	ENSGALT00010043192	1	ENSGALG00010017860	CYSLTR1	cysteinyl leukotriene receptor 1 [Source:HGNC Symbol;Acc:HGNC:17451]	CYSLTR1	Upregulated in Infected	1.0670707773406553e-4
ENSGALT00010043281.1	2.078532272513679	4.127735579642813	6.928879483581108	1.375930702603894e-5	3.626828991120466e-4	3.2449640137955864	ENSGALT00010043281	1	ENSGALG00010017903	NA	NA	ENSGALG00010017903	Upregulated in Infected	1.4424052695242273e-5
ENSGALT00010043429.1	2.4228218182663954	6.129801163571835	11.033280431258422	9.490032291191808e-8	1.0017858849101904e-5	8.221035894029335	ENSGALT00010043429	1	ENSGALG00010017976	GPR137C	G protein-coupled receptor 137C [Source:HGNC Symbol;Acc:HGNC:25445]	GPR137C	Upregulated in Infected	2.07698636757269e-6
ENSGALT00010043547.1	12.764956190992656	5.734263765678235	7.347834681833053	7.610368203163808e-6	2.3694753135917876e-4	3.3939103048829455	ENSGALT00010043547	1	ENSGALG00010018016	IFIT5	interferon induced protein with tetratricopeptide repeats 5 [Source:NCBI gene (formerly Entrezgene);Acc:423790]	IFIT5	Upregulated in Infected	4.934679537099992e-10
ENSGALT00010043752.1	2.9134083579574193	2.5840208692693705	7.297997473351516	8.156338253143466e-6	2.483649813127532e-4	4.03140255208988	ENSGALT00010043752	1	ENSGALG00010018102	ZDHHC4	zinc finger DHHC-type palmitoyltransferase 4 [Source:HGNC Symbol;Acc:HGNC:18471]	ZDHHC4	Upregulated in Infected	2.56454826777707e-6
ENSGALT00010044108.1	2.116137188035288	6.3087233468454755	14.514980110953967	4.050941082331076e-9	1.0819429146158467e-6	11.460846545360546	ENSGALT00010044108	1	ENSGALG00010018277	NA	NA	ENSGALG00010018277	Upregulated in Infected	1.1270732352664751e-7
ENSGALT00010044581.1	2.6948835949163543	-0.43270506574170764	4.050843212672773	0.0015246270183106095	0.009331289823829263	-1.2971816124909816	ENSGALT00010044581	1	ENSGALG00010018445	NA	NA	ENSGALG00010018445	Upregulated in Infected	3.079350452222472e-6
ENSGALT00010044606.1	3.5152566451314415	0.9377218394468642	5.167122581598823	2.148332876190404e-4	0.002395585674013525	0.6892230373324439	ENSGALT00010044606	1	ENSGALG00010018449	NA	NA	ENSGALG00010018449	Upregulated in Infected	3.617030612859122e-5
ENSGALT00010044648.1	3.79048180434038	1.27975404721169	3.6125982029150534	0.0034186631236727285	0.016619500904731806	-1.5882990924203009	ENSGALT00010044648	1	ENSGALG00010018460	IL1B	interleukin 1, beta [Source:NCBI gene (formerly Entrezgene);Acc:395196]	IL1B	Upregulated in Infected	5.366355552451256e-4
ENSGALT00010044878.1	-3.494701758804464	-0.9527398508714285	-4.015518199497209	0.0016261011750008869	0.009774243722185374	-1.60457769774907	ENSGALT00010044878	1	ENSGALG00010018551	FBXO34	F-box protein 34 [Source:HGNC Symbol;Acc:HGNC:20201]	FBXO34	Downregulated in Infected	0.006644220382690565
ENSGALT00010045240.1	2.759592528567455	5.577663831753213	10.585715905865106	1.5109982684787792e-7	1.3841243642825445e-5	7.782818329975639	ENSGALT00010045240	1	ENSGALG00010018719	ERRFI1	ERBB receptor feedback inhibitor 1 [Source:HGNC Symbol;Acc:HGNC:18185]	ERRFI1	Upregulated in Infected	2.2345350523976066e-6
ENSGALT00010045400.1	3.236408018948543	0.20278456884005516	5.408902929353944	1.4362150892154653e-4	0.0018339871024037116	0.5922277593683676	ENSGALT00010045400	1	ENSGALG00010018802	NA	NA	ENSGALG00010018802	Upregulated in Infected	3.262926441284978e-4
ENSGALT00010045822.1	3.759181282133407	3.418762429852757	18.851879920821627	1.8390588115561034e-10	1.4443697379518666e-7	13.974158607857902	ENSGALT00010045822	1	ENSGALG00010018937	INHBB	inhibin beta B subunit [Source:NCBI gene (formerly Entrezgene);Acc:396126]	INHBB	Upregulated in Infected	2.9850628988088483e-16
ENSGALT00010045842.1	-2.7643083643557205	-1.3094156523909082	-3.124701845585806	0.008524635074544342	0.032525664429001545	-2.63647250056488	ENSGALT00010045842	1	ENSGALG00010018944	NEFL	neurofilament light chain [Source:HGNC Symbol;Acc:HGNC:7739]	NEFL	Downregulated in Infected	0.005662164110228929
ENSGALT00010046082.1	2.678490381072305	3.419483620899732	7.983547457889641	3.229131017558341e-6	1.2944552693893908e-4	4.852133102920828	ENSGALT00010046082	1	ENSGALG00010019034	CASP7	caspase 7 [Source:HGNC Symbol;Acc:HGNC:1508]	CASP7	Upregulated in Infected	7.130782453446588e-6
ENSGALT00010046110.1	2.2687930184633394	6.875611420661603	14.118518230455367	5.597511167836159e-9	1.3342540598773332e-6	11.116812605443299	ENSGALT00010046110	1	ENSGALG00010019036	REL	REL proto-onco, NF-kB subunit [Source:NCBI gene (formerly Entrezgene);Acc:396500]	REL	Upregulated in Infected	1.1540071241911105e-10
ENSGALT00010046214.1	4.297889394899473	-0.25798058880844016	3.1018420886912574	0.00889906081027984	0.033561480102464014	-2.6016730130362524	ENSGALT00010046214	1	ENSGALG00010019095	NA	NA	ENSGALG00010019095	Upregulated in Infected	0.009793746668118048
ENSGALT00010046596.1	2.0530888466693407	3.7563295208605676	6.454818464896703	2.764203027839347e-5	5.819264266015446e-4	2.5793576851967748	ENSGALT00010046596	1	ENSGALG00010019269	SOCS1	suppressor of cytokine signaling 1 [Source:NCBI gene (formerly Entrezgene);Acc:416630]	SOCS1	Upregulated in Infected	1.9918343859249995e-10
ENSGALT00010046599.1	3.458942299607078	-0.1387517704054933	3.6043427609356753	0.0034715810649175198	0.016792059578243854	-1.84788178387904	ENSGALT00010046599	1	ENSGALG00010019272	NA	NA	ENSGALG00010019272	Upregulated in Infected	9.653951012192818e-5
ENSGALT00010046657.1	2.595892522705174	4.2184463649661605	8.156095802694729	2.5797872928802607e-6	1.1019022101843858e-4	4.9774853710077105	ENSGALT00010046657	1	ENSGALG00010019296	NA	NA	ENSGALG00010019296	Upregulated in Infected	7.73080128446084e-6
ENSGALT00010046780.1	4.086610663902314	6.170175876652661	15.959921017250414	1.3286103463132216e-9	5.764826306307059e-7	12.608144569515918	ENSGALT00010046780	1	ENSGALG00010019307	ATF3	activating transcription factor 3 [Source:HGNC Symbol;Acc:HGNC:785]	ATF3	Upregulated in Infected	3.854112075982252e-18
ENSGALT00010046864.1	5.075194769686608	3.011155608490233	4.792501811711521	4.073561478026923e-4	0.003705294103374586	0.28627940844857935	ENSGALT00010046864	1	ENSGALG00010019385	NA	NA	ENSGALG00010019385	Upregulated in Infected	1.2038850498199257e-6
ENSGALT00010047075.1	4.378801380519646	0.24149763943227276	3.4618174696560153	0.004528901155313267	0.02040582943312693	-2.029643750312563	ENSGALT00010047075	1	ENSGALG00010019499	NA	NA	ENSGALG00010019499	Upregulated in Infected	2.1185462047773308e-7
ENSGALT00010047429.1	2.0575668929095103	6.65488346460188	14.90591536909567	2.967601985605528e-9	8.999981015528853e-7	11.770330514923007	ENSGALT00010047429	1	ENSGALG00010019652	TNFRSF10B	tumor necrosis factor receptor superfamily, member 10b [Source:NCBI gene (formerly Entrezgene);Acc:373904]	TNFRSF10B	Upregulated in Infected	4.572790830095526e-12
ENSGALT00010047622.1	2.1133980782323416	6.616131035342818	18.66988402270714	2.064892989576907e-10	1.5258182597646957e-7	14.460299309459835	ENSGALT00010047622	1	ENSGALG00010019716	VEGFA	vascular endothelial growth factor A [Source:NCBI gene (formerly Entrezgene);Acc:395909]	VEGFA	Upregulated in Infected	1.5269538298649805e-18
ENSGALT00010047884.1	3.943961391964343	0.8450841620082167	3.1212562595051185	0.008580044012965535	0.03269427806485004	-2.3731047824381286	ENSGALT00010047884	1	ENSGALG00010019828	NA	NA	ENSGALG00010019828	Upregulated in Infected	7.111456604332618e-5
ENSGALT00010048323.1	-2.485116221988163	1.8196443741422583	-5.157361826085049	2.1839151839847626e-4	0.0024206515899287107	0.8973172868362669	ENSGALT00010048323	1	ENSGALG00010020011	TLE3	TLE family member 3, transcriptional corepressor [Source:HGNC Symbol;Acc:HGNC:11839]	TLE3	Downregulated in Infected	0.0015078453983845333
ENSGALT00010048330.1	2.1013209467401075	7.989564451197546	10.942193045690368	1.0418918727841705e-7	1.0792831325177333e-5	8.062842347866233	ENSGALT00010048330	1	ENSGALG00010020013	ADAM8	ADAM metallopeptidase domain 8 [Source:HGNC Symbol;Acc:HGNC:215]	ADAM8	Upregulated in Infected	1.9181740522224055e-6
ENSGALT00010048374.1	4.10222478593007	0.17552585835749923	2.9015975662338214	0.012966945630433475	0.04442145738455405	-2.756321147039672	ENSGALT00010048374	1	ENSGALG00010020028	NA	NA	ENSGALG00010020028	Upregulated in Infected	7.608039142617576e-9
ENSGALT00010048443.1	-3.4741082148181706	-0.7665501809631214	-3.239731440798327	0.006867261978920436	0.027830614908356168	-2.467420033238567	ENSGALT00010048443	1	ENSGALG00010020046	BDNF	brain derived neurotrophic factor [Source:NCBI gene (formerly Entrezgene);Acc:396186]	BDNF	Downregulated in Infected	0.005992239842686492
ENSGALT00010049167.1	-4.790307174148378	-0.055109366709803646	-3.3262797789812097	0.005837541310446698	0.024644185063794018	-2.3492285818947605	ENSGALT00010049167	1	ENSGALG00010020351	CROCC	ciliary rootlet coiled-coil, rootletin [Source:HGNC Symbol;Acc:HGNC:21299]	CROCC	Downregulated in Infected	0.006451991831797856
ENSGALT00010049297.1	-7.170988128248455	-0.11634559811770223	-4.381513627959733	8.395744183813378e-4	0.006031006385831982	-1.1783866315080278	ENSGALT00010049297	1	ENSGALG00010020388	MYOF	myoferlin [Source:HGNC Symbol;Acc:HGNC:3656]	MYOF	Downregulated in Infected	1.0642238871633439e-5
ENSGALT00010049527.1	2.1841208088313127	1.2885651186613483	3.2943802175179724	0.006197582544392512	0.025839384962214256	-2.2092223881762214	ENSGALT00010049527	1	ENSGALG00010020493	DEPDC7	DEP domain containing 7 [Source:NCBI gene (formerly Entrezgene);Acc:421593]	DEPDC7	Upregulated in Infected	0.0012103592111925758
ENSGALT00010049624.1	3.9594901199427346	6.564102059850131	20.17799409686538	8.15224575279472e-11	8.605665897521589e-8	15.367037147794797	ENSGALT00010049624	1	ENSGALG00010020548	CMTR1	cap methyltransferase 1 [Source:HGNC Symbol;Acc:HGNC:21077]	CMTR1	Upregulated in Infected	1.9983577897241758e-9
ENSGALT00010049659.1	6.468207826467277	2.7403353895222553	4.96340474936158	3.035154889244823e-4	0.0030171889499901	0.5140763268942905	ENSGALT00010049659	1	ENSGALG00010020569	DTX3L	deltex E3 ubiquitin ligase 3L [Source:HGNC Symbol;Acc:HGNC:30323]	DTX3L	Upregulated in Infected	1.1754491547419907e-7
ENSGALT00010049689.1	2.046360367351286	3.9913003242246083	10.227478147702199	2.2183910550135453e-7	1.834973615952995e-5	7.501456459135666	ENSGALT00010049689	1	ENSGALG00010020584	PARP9	poly(ADP-ribose) polymerase family member 9 [Source:HGNC Symbol;Acc:HGNC:24118]	PARP9	Upregulated in Infected	4.805932863414892e-13
ENSGALT00010049709.1	2.137382623739177	5.651706773472287	11.560872816097117	5.593849531484456e-8	6.836863972237296e-6	8.791336962340587	ENSGALT00010049709	1	ENSGALG00010020597	ARID5A	AT-rich interaction domain 5A [Source:HGNC Symbol;Acc:HGNC:17361]	ARID5A	Upregulated in Infected	2.1045490819243376e-7
ENSGALT00010050026.1	-4.757900921871292	-1.048253945295784	-4.947838938642786	3.117091415209207e-4	0.003071096999660342	-0.6600031960046318	ENSGALT00010050026	1	ENSGALG00010020699	PLA2G10	phospholipase A2 group X [Source:NCBI gene (formerly Entrezgene);Acc:416425]	PLA2G10	Downregulated in Infected	3.677354575085196e-4
ENSGALT00010050171.1	2.047186051620201	5.6046516940380595	10.18427398072229	2.3252473183986983e-7	1.893942918821608e-5	7.3167112386314095	ENSGALT00010050171	1	ENSGALG00010020753	SYDE2	synapse defective Rho GTPase homolog 2 [Source:HGNC Symbol;Acc:HGNC:25841]	SYDE2	Upregulated in Infected	4.182798929413765e-6
ENSGALT00010050326.1	3.2255281722397497	4.9546193574314215	15.739966821723051	1.5648101282755442e-9	6.307751107144932e-7	12.443984279521016	ENSGALT00010050326	1	ENSGALG00010020810	IFITM5	interferon induced transmembrane protein 5 [Source:NCBI gene (formerly Entrezgene);Acc:422992]	IFITM5	Upregulated in Infected	1.3761344609951829e-8
ENSGALT00010050705.1	2.0465614355764545	5.933206028246606	13.10523932921409	1.3290052375594859e-8	2.3572308262860175e-6	10.256008680614052	ENSGALT00010050705	1	ENSGALG00010020978	BCL2L10	BCL2 like 10 [Source:NCBI gene (formerly Entrezgene);Acc:395193]	BCL2L10	Upregulated in Infected	3.115063284301246e-7
ENSGALT00010050791.1	2.352293012682485	3.537656548833004	12.701656407414529	1.9065347316863674e-8	3.0849680242352843e-6	9.9642666005869	ENSGALT00010050791	1	ENSGALG00010021003	KAZN	kazrin, periplakin interacting protein [Source:HGNC Symbol;Acc:HGNC:29173]	KAZN	Upregulated in Infected	5.680984790972045e-8
ENSGALT00010051023.1	3.1555761988963464	-0.28148821354453235	3.7120535065936195	0.0028422029389172797	0.014577962690864938	-1.7040384295493798	ENSGALT00010051023	1	ENSGALG00010021082	SENP8	SUMO/sentrin peptidase family member, NEDD8 specific [Source:NCBI gene (formerly Entrezgene);Acc:415322]	SENP8	Upregulated in Infected	0.006004659705824294
ENSGALT00010051070.1	-2.6301190540188526	-1.239318418767467	-3.222914718398359	0.007087666002273787	0.02841218443732465	-2.522830934723412	ENSGALT00010051070	1	ENSGALG00010021095	NT5C2	5'-nucleotidase, cytosolic II [Source:NCBI gene (formerly Entrezgene);Acc:423871]	NT5C2	Downregulated in Infected	0.008020814193194378
ENSGALT00010051059.1	-2.9102499838106923	-1.27573568239357	-2.992761029110185	0.010925182015723844	0.03914123894913449	-2.7870052452560494	ENSGALT00010051059	1	ENSGALG00010021096	ZFAND4	zinc finger AN1-type containing 4 [Source:HGNC Symbol;Acc:HGNC:23504]	ZFAND4	Downregulated in Infected	0.00776022910593881
ENSGALT00010051236.1	2.218478615318768	0.4427376611530034	4.464612116781309	7.241201766152958e-4	0.005446791715023669	-0.2841310727285835	ENSGALT00010051236	1	ENSGALG00010021154	CHST13	carbohydrate sulfotransferase 13 [Source:HGNC Symbol;Acc:HGNC:21755]	CHST13	Upregulated in Infected	6.127743256474741e-4
ENSGALT00010051435.1	-4.552115556651316	-0.9602057383050973	-4.129006581155184	0.0013226456281188218	0.008408491047931758	-1.4645812528454827	ENSGALT00010051435	1	ENSGALG00010021215	SH3PXD2A	SH3 and PX domains 2A [Source:HGNC Symbol;Acc:HGNC:23664]	SH3PXD2A	Downregulated in Infected	0.001673276025464385
ENSGALT00010051433.1	7.517885497951117	-0.16780713334884034	4.641517005130922	5.299965813868498e-4	0.004411507343642999	-0.922426166913576	ENSGALT00010051433	1	ENSGALG00010021222	NA	NA	ENSGALG00010021222	Upregulated in Infected	0.0012381811106162407
ENSGALT00010051532.1	3.165886611234321	5.531545318798013	15.694687393049188	1.6188372569572535e-9	6.408282912897927e-7	12.413264290578788	ENSGALT00010051532	1	ENSGALG00010021256	NA	NA	ENSGALG00010021256	Upregulated in Infected	4.337288117373355e-8
ENSGALT00010051568.1	4.139738749036894	4.3154459933549045	9.605060946576328	4.4389361438827717e-7	2.972880254912184e-5	6.82839993621191	ENSGALT00010051568	1	ENSGALG00010021272	NA	NA	ENSGALG00010021272	Upregulated in Infected	4.267338798620795e-5
ENSGALT00010051788.1	2.8434802706618285	1.7643528505037531	8.597472586609896	1.4747961506559667e-6	7.313933124774379e-5	5.446622114010787	ENSGALT00010051788	1	ENSGALG00010021379	NA	NA	ENSGALG00010021379	Upregulated in Infected	5.714482507669826e-6
ENSGALT00010051998.1	3.9427994236816337	1.1525680909092941	5.467817059559732	1.3035985482980138e-4	0.001722179536273562	1.0533930705763712	ENSGALT00010051998	1	ENSGALG00010021447	OCSTAMP	osteoclast stimulatory transmembrane protein [Source:HGNC Symbol;Acc:HGNC:16116]	OCSTAMP	Upregulated in Infected	2.195092134398825e-7
ENSGALT00010052002.1	3.9912232660901794	1.1752787433099785	3.414892753199889	0.004944437754115484	0.021816937924608287	-1.9066272966459783	ENSGALT00010052002	1	ENSGALG00010021450	OLFML1	olfactomedin like 1 [Source:HGNC Symbol;Acc:HGNC:24473]	OLFML1	Upregulated in Infected	1.6862162969060944e-5
ENSGALT00010052053.1	2.367119615146666	1.5717356284015132	9.881165433771764	3.2493206776831534e-7	2.383616689347105e-5	6.7266834021222905	ENSGALT00010052053	1	ENSGALG00010021470	NA	NA	ENSGALG00010021470	Upregulated in Infected	4.2813607272797835e-5
ENSGALT00010052284.1	2.1444214533708412	2.9641951876900023	11.834193086736885	4.287808359634431e-8	5.591302100963298e-6	9.145728280023132	ENSGALT00010052284	1	ENSGALG00010021552	NA	NA	ENSGALG00010021552	Upregulated in Infected	2.7058852365940346e-8
ENSGALT00010052453.1	7.443091056628597	-1.2076849341597504	3.7950657218254458	0.002437627349105194	0.013008503388291752	-1.8157076787753716	ENSGALT00010052453	1	ENSGALG00010021607	SLC9A5	solute carrier family 9 member A5 [Source:HGNC Symbol;Acc:HGNC:11078]	SLC9A5	Upregulated in Infected	3.4735646461502793e-4
ENSGALT00010052458.1	5.718884464647491	-0.8446294531911794	4.111102096866294	0.0013663333547430556	0.008599908520143116	-1.4833912486217558	ENSGALT00010052458	1	ENSGALG00010021609	NA	castor zinc finger 1 [Source:HGNC Symbol;Acc:HGNC:26002]	ENSGALG00010021609	Upregulated in Infected	0.0010338109032911288
ENSGALT00010052581.1	-3.122148102339729	1.8334931240898988	-4.609052314162549	5.610704028550185e-4	0.00458114500570536	-3.465420903312477e-4	ENSGALT00010052581	1	ENSGALG00010021632	LIMD2	LIM domain containing 2 [Source:NCBI gene (formerly Entrezgene);Acc:419955]	LIMD2	Downregulated in Infected	0.004881108755565306
ENSGALT00010053138.1	3.1361771305128343	0.6791834380914046	5.026331144860263	2.72620920484103e-4	0.0027773256274317994	0.46658473756137564	ENSGALT00010053138	1	ENSGALG00010021844	NA	NA	ENSGALG00010021844	Upregulated in Infected	4.57958735369742e-4
ENSGALT00010053476.1	2.041434375352339	2.1394701146676174	8.23491624219692	2.3309433053609502e-6	1.0184350926170013e-4	5.244812300442447	ENSGALT00010053476	1	ENSGALG00010022001	NA	NA	ENSGALG00010022001	Upregulated in Infected	5.4938721444125416e-5
ENSGALT00010053683.1	2.6182670149947795	4.565883645771466	8.986528785533237	9.165456783302554e-7	5.1308041912184603e-5	6.005821077979929	ENSGALT00010053683	1	ENSGALG00010022005	NLRC5	NLR family CARD domain containing 5 [Source:NCBI gene (formerly Entrezgene);Acc:100857413]	NLRC5	Upregulated in Infected	2.7722877566337866e-5
ENSGALT00010054028.1	4.540361532915877	6.805726036056545	23.011139239685946	1.6781331577746837e-11	2.6572039886820848e-8	16.882285241614547	ENSGALT00010054028	1	ENSGALG00010022207	NA	NA	ENSGALG00010022207	Upregulated in Infected	6.883681926270003e-10
ENSGALT00010054139.1	2.8482474570607947	1.7288255564481376	3.539069741850039	0.003920498176169345	0.01834142926368995	-1.8201753771229239	ENSGALT00010054139	1	ENSGALG00010022242	USP19	ubiquitin specific peptidase 19 [Source:HGNC Symbol;Acc:HGNC:12617]	USP19	Upregulated in Infected	0.007156379552925181
ENSGALT00010054275.1	3.7407152781189237	5.522082710162996	17.582823499430656	4.219390777508989e-10	2.527985263670791e-7	13.736376643070633	ENSGALT00010054275	1	ENSGALG00010022308	OGFR	opioid growth factor receptor [Source:HGNC Symbol;Acc:HGNC:15768]	OGFR	Upregulated in Infected	3.3924636188840935e-17
ENSGALT00010054379.1	-2.3465578156552906	0.17669172035769282	-3.086140019230729	0.00916575039470635	0.03435956620508621	-2.501559537753165	ENSGALT00010054379	1	ENSGALG00010022357	NA	NA	ENSGALG00010022357	Downregulated in Infected	0.008236213521559163
ENSGALT00010054581.1	-2.9638545424181864	0.44589815721893966	-4.326098492872359	9.270521178538066e-4	0.0065244220126342845	-0.8221662556934826	ENSGALT00010054581	1	ENSGALG00010022449	NA	COPI coat complex subunit zeta 1 [Source:HGNC Symbol;Acc:HGNC:2243]	ENSGALG00010022449	Downregulated in Infected	8.502929526620149e-5
ENSGALT00010054598.1	3.1058425270349086	3.5285105775108523	7.350755426450402	7.579602210352858e-6	2.3632154964711976e-4	3.9917642144782395	ENSGALT00010054598	1	ENSGALG00010022453	NA	NA	ENSGALG00010022453	Upregulated in Infected	5.797292149506852e-5
ENSGALT00010054872.1	2.124227624949914	3.118921081981645	5.7163148692057915	8.709604629453026e-5	0.001291468330606787	1.5183338050526007	ENSGALT00010054872	1	ENSGALG00010022541	ITPKA	inositol-trisphosphate 3-kinase A [Source:NCBI gene (formerly Entrezgene);Acc:395694]	ITPKA	Upregulated in Infected	0.00136682222322154
ENSGALT00010055448.1	4.666645899150031	2.123866024851504	4.029227390285518	0.0015859182760750502	0.009616147796507579	-0.9153946105056043	ENSGALT00010055448	1	ENSGALG00010022800	KLHL10	kelch like family member 10 [Source:NCBI gene (formerly Entrezgene);Acc:420033]	KLHL10	Upregulated in Infected	4.070852332907712e-6
ENSGALT00010055612.1	4.3492846168524695	1.7124618340803193	5.597654621406018	1.0547812892246532e-4	0.0014855394929817098	1.4448951063557596	ENSGALT00010055612	1	ENSGALG00010022837	ITGB3	integrin subunit beta 3 [Source:NCBI gene (formerly Entrezgene);Acc:374209]	ITGB3	Upregulated in Infected	3.08193409648896e-5
ENSGALT00010055610.1	2.9864339588861384	5.6989175219089505	19.666404783755592	1.1089551930097222e-10	1.0688399442886748e-7	15.051689656430584	ENSGALT00010055610	1	ENSGALG00010022860	MOB3C	MOB kinase activator 3C [Source:HGNC Symbol;Acc:HGNC:29800]	MOB3C	Upregulated in Infected	4.784257972024181e-9
ENSGALT00010056028.1	6.372693011483863	5.604108144041157	24.58211492740238	7.555682944326704e-12	1.5226761773621308e-8	17.183039571360162	ENSGALT00010056028	1	ENSGALG00010023005	IRF7	interferon regulatory factor 7 [Source:NCBI gene (formerly Entrezgene);Acc:396330]	IRF7	Upregulated in Infected	2.552364899226387e-12
ENSGALT00010056325.1	3.775226825963052	5.5384176410348305	15.189515063889647	2.3787515210398285e-9	7.754729958589841e-7	12.031463543996363	ENSGALT00010056325	1	ENSGALG00010023107	ZC3HAV1	zinc finger CCCH-type containing, antiviral 1 [Source:NCBI gene (formerly Entrezgene);Acc:426315]	ZC3HAV1	Upregulated in Infected	1.9096302084318292e-11
ENSGALT00010056479.1	5.505649828390706	3.2965588610820404	6.761326507458186	1.754698803676978e-5	4.3028941460078815e-4	3.2919545524979537	ENSGALT00010056479	1	ENSGALG00010023172	DHX58	DExH-box helicase 58 [Source:NCBI gene (formerly Entrezgene);Acc:100858653]	DHX58	Upregulated in Infected	1.5894788008794628e-4
ENSGALT00010056570.1	3.62266418682649	5.271622369880787	5.137680777785522	2.2575540742383548e-4	0.0024735277958221145	0.2574240810373496	ENSGALT00010056570	1	ENSGALG00010023206	HSPB9	heat shock protein family B (small) member 9 [Source:NCBI gene (formerly Entrezgene);Acc:428310]	HSPB9	Upregulated in Infected	4.4914678312343696e-4
ENSGALT00010056751.1	2.915016833927971	2.1359329276454533	6.0996398234141145	4.755457586540934e-5	8.463118627671784e-4	2.34339603782061	ENSGALT00010056751	1	ENSGALG00010023271	PATL2	PAT1 homolog 2 [Source:HGNC Symbol;Acc:HGNC:33630]	PATL2	Upregulated in Infected	1.206009127915199e-4
ENSGALT00010056829.1	3.258774108843493	7.2967529926518315	31.753384216411085	3.37146818021083e-13	1.2456451103152278e-9	20.53101211323908	ENSGALT00010056829	1	ENSGALG00010023309	PIK3R3	phosphoinositide-3-kinase regulatory subunit 3 [Source:HGNC Symbol;Acc:HGNC:8981]	PIK3R3	Upregulated in Infected	1.3174503454603128e-16
ENSGALT00010056866.1	-3.729546556590211	-0.8216113069132077	-3.5890428978053115	0.0035718729390255663	0.0171946317724905	-2.063342003411522	ENSGALT00010056866	1	ENSGALG00010023328	TCEA2	transcription elongation factor A2 [Source:HGNC Symbol;Acc:HGNC:11614]	TCEA2	Downregulated in Infected	3.924989679469812e-4
ENSGALT00010057107.1	2.9366277573317703	4.417384224469792	7.153493941182807	9.988601821788122e-6	2.8756795478623257e-4	3.5669702607376363	ENSGALT00010057107	1	ENSGALG00010023437	KCNJ5	potassium inwardly rectifying channel subfamily J member 5 [Source:HGNC Symbol;Acc:HGNC:6266]	KCNJ5	Upregulated in Infected	2.1492485934880137e-5
ENSGALT00010057432.1	-3.855462185835058	-0.8252528644230243	-3.642737174570077	0.0032323559914693464	0.01597655911235061	-1.9990338770659029	ENSGALT00010057432	1	ENSGALG00010023590	S1PR1	sphingosine-1-phosphate receptor 1 [Source:HGNC Symbol;Acc:HGNC:3165]	S1PR1	Downregulated in Infected	0.0024080715930637595
ENSGALT00010057807.1	2.0124781757504895	5.180628130958226	10.05308778626342	2.684947027243371e-7	2.0884177438572297e-5	7.200698567760082	ENSGALT00010057807	1	ENSGALG00010023715	CD3E	CD3e molecule [Source:NCBI gene (formerly Entrezgene);Acc:396062]	CD3E	Upregulated in Infected	3.174366659742008e-6
ENSGALT00010058331.1	2.3223171763863637	3.9593022451263686	10.855900840961036	1.138940642708583e-7	1.1271444717662441e-5	8.182280422094124	ENSGALT00010058331	1	ENSGALG00010023954	PLEKHF1	pleckstrin homology and FYVE domain containing 1 [Source:HGNC Symbol;Acc:HGNC:20764]	PLEKHF1	Upregulated in Infected	1.4688415760972648e-13
ENSGALT00010058373.1	6.088104505142046	0.7779267101362279	3.9052301773564855	0.001990037384618058	0.011359612166755845	-1.5795742418807746	ENSGALT00010058373	1	ENSGALG00010023972	NA	NA	ENSGALG00010023972	Upregulated in Infected	3.853590945208726e-10
ENSGALT00010058383.1	3.2477826937201137	2.903391942323549	6.134170209876899	4.507695850195146e-5	8.153500251110287e-4	2.309549631069105	ENSGALT00010058383	1	ENSGALG00010023981	NA	NA	ENSGALG00010023981	Upregulated in Infected	9.017328852925512e-6
ENSGALT00010058610.1	2.7341042942869387	5.405153974426506	15.519646285614067	1.8473869036693815e-9	6.825478813423807e-7	12.281150435773597	ENSGALT00010058610	1	ENSGALG00010024052	NA	NA	ENSGALG00010024052	Upregulated in Infected	7.194006327947279e-13
ENSGALT00010059574.1	2.104661291601107	3.35423526928052	7.9381290291813915	3.4276503847946772e-6	1.3494941371489542e-4	4.780823842627839	ENSGALT00010059574	1	ENSGALG00010024416	VDR	vitamin D (1,25- dihydroxyvitamin D3) receptor [Source:NCBI gene (formerly Entrezgene);Acc:395988]	VDR	Upregulated in Infected	1.0418282001670241e-5
ENSGALT00010059587.1	2.7314441240656184	6.252880802929227	22.479806405452536	2.2242796188595067e-11	3.287188706058503e-8	16.62464443826698	ENSGALT00010059587	1	ENSGALG00010024424	SAMHD1	SAM and HD domain containing deoxynucleoside triphosphate triphosphohydrolase 1 [Source:NCBI gene (formerly Entrezgene);Acc:419125]	SAMHD1	Upregulated in Infected	1.2661708869725715e-12
ENSGALT00010059634.1	2.5184073929800967	1.2088619956187787	5.895815445808681	6.543709993945195e-5	0.0010615661178651657	1.9562434365765018	ENSGALT00010059634	1	ENSGALG00010024441	SAA	serum amyloid A [Source:NCBI gene (formerly Entrezgene);Acc:423079]	SAA	Upregulated in Infected	0.005636937389218835
ENSGALT00010059866.1	4.9696434618436	7.268453042316128	47.282237394340605	2.5871484715638056e-15	5.7351907317626444e-11	24.262511035079065	ENSGALT00010059866	1	ENSGALG00010024542	ZNFX1	zinc finger NFX1-type containing 1 [Source:HGNC Symbol;Acc:HGNC:29271]	ZNFX1	Upregulated in Infected	1.719565184773273e-20
ENSGALT00010059910.1	2.4314723362139654	0.22795387497195388	3.6271172055229335	0.0033275823906183857	0.016312659538971336	-1.595161363233582	ENSGALT00010059910	1	ENSGALG00010024557	TSPAN32	tetraspanin 32 [Source:HGNC Symbol;Acc:HGNC:13410]	TSPAN32	Upregulated in Infected	0.007984106507234428
ENSGALT00010060048.1	3.0003784924735424	2.4960645422163656	6.841594386480906	1.561031942564068e-5	4.000572959856677e-4	3.4040446927107046	ENSGALT00010060048	1	ENSGALG00010024608	DENND2D	DENN domain containing 2D [Source:HGNC Symbol;Acc:HGNC:26192]	DENND2D	Upregulated in Infected	2.439515102461329e-6
ENSGALT00010060146.1	3.4254108349546675	7.593820936276716	24.84739425056402	6.635358247183957e-12	1.4709262162357398e-8	17.81374859652056	ENSGALT00010060146	1	ENSGALG00010024637	DUSP8	dual specificity phosphatase 8 [Source:HGNC Symbol;Acc:HGNC:3074]	DUSP8	Upregulated in Infected	3.356732913509608e-10
ENSGALT00010060157.1	3.5521342818853268	-0.27111945892411954	5.171098135092024	2.134014964443852e-4	0.002385061394758442	-0.16272325930004783	ENSGALT00010060157	1	ENSGALG00010024643	ETV7	ETS variant transcription factor 7 [Source:HGNC Symbol;Acc:HGNC:18160]	ETV7	Upregulated in Infected	4.54472188960694e-4
ENSGALT00010060195.1	4.059257710262372	6.66274625376133	12.212774673382102	2.9921299632728245e-8	4.3071127938851934e-06	9.420452467504596	ENSGALT00010060195	1	ENSGALG00010024658	CSF3	colony stimulating factor 3 [Source:NCBI gene (formerly Entrezgene);Acc:396216]	CSF3	Upregulated in Infected	1.3767172999647082e-12
ENSGALT00010060439.1	4.0872343582839665	5.343618447551143	8.87986045810542	1.0425957307808263e-6	5.6327133253131556e-5	5.8506174413927985	ENSGALT00010060439	1	ENSGALG00010024761	NECAB2	N-terminal EF-hand calcium binding protein 2 [Source:HGNC Symbol;Acc:HGNC:23746]	NECAB2	Upregulated in Infected	1.154984470884634e-14
ENSGALT00010060963.1	3.004601541461614	2.7767277627983398	6.489890512164704	2.6224602044339032e-5	5.606046076363623e-4	2.857936479501169	ENSGALT00010060963	1	ENSGALG00010024963	TNFRSF6B	TNF receptor superfamily member 6b [Source:HGNC Symbol;Acc:HGNC:11921]	TNFRSF6B	Upregulated in Infected	1.0317149021708087e-6
ENSGALT00010060965.1	2.550222023974044	5.31666540767128	18.809203961685657	1.88951291955089e-10	1.4443697379518666e-7	14.525936688181929	ENSGALT00010060965	1	ENSGALG00010024965	STAT2	signal transducer and activator of transcription 2 [Source:HGNC Symbol;Acc:HGNC:11363]	STAT2	Upregulated in Infected	1.5436750123406173e-15
ENSGALT00010060999.1	2.3792208634416427	4.3871208294399375	6.666437347515246	2.0170731715501197e-5	4.7246997131809143e-4	2.8192013588861666	ENSGALT00010060999	1	ENSGALG00010024977	LRP3	LDL receptor related protein 3 [Source:HGNC Symbol;Acc:HGNC:6695]	LRP3	Upregulated in Infected	1.9340478205852782e-4
ENSGALT00010061479.1	2.083492651608745	4.401176192700493	8.136853323114801	2.6447489286480555e-6	1.1146158602712945e-4	4.914153032713388	ENSGALT00010061479	1	ENSGALG00010025204	TRAF6	TNF receptor associated factor 6 [Source:HGNC Symbol;Acc:HGNC:12036]	TRAF6	Upregulated in Infected	1.7281997501359117e-5
ENSGALT00010061565.1	2.2097790469074763	5.011183832930774	14.769661242177465	3.304790368672472e-9	9.61026507844682e-7	11.702883660667144	ENSGALT00010061565	1	ENSGALG00010025229	NA	NA	ENSGALG00010025229	Upregulated in Infected	1.7462735932962006e-11
ENSGALT00010062513.1	2.81784242746245	2.060278206791837	9.452698486891492	5.28878591194095e-7	3.398313220171217e-5	6.504145772151554	ENSGALT00010062513	1	ENSGALG00010025613	CDKN1A	cyclin dependent kinase inhibitor 1A [Source:NCBI gene (formerly Entrezgene);Acc:378914]	CDKN1A	Upregulated in Infected	1.2827959665204647e-6
ENSGALT00010062565.1	2.5343048100713457	5.000968630855716	10.205828350371595	2.2712633703972396e-7	1.8647913479617038e-5	7.401521849187924	ENSGALT00010062565	1	ENSGALG00010025635	CHKA	choline kinase alpha [Source:HGNC Symbol;Acc:HGNC:1937]	CHKA	Upregulated in Infected	9.616902321937327e-7
ENSGALT00010062793.1	3.6752025695424484	4.7397113326260385	13.725376986319311	7.776338625578359e-9	1.697573720388551e-6	10.85820579492086	ENSGALT00010062793	1	ENSGALG00010025734	PLK3	polo like kinase 3 [Source:HGNC Symbol;Acc:HGNC:2154]	PLK3	Upregulated in Infected	6.009189366043237e-7
ENSGALT00010063013.1	2.0281096022567744	1.5940946832069118	4.885545373046279	3.468879861197816e-4	0.0032961049619817055	0.44608292889654066	ENSGALT00010063013	1	ENSGALG00010025847	DEF6	DEF6 guanine nucleotide exchange factor [Source:HGNC Symbol;Acc:HGNC:2760]	DEF6	Upregulated in Infected	0.001799129193005136
ENSGALT00010063322.1	-2.8653106619986812	-0.6682516931689876	-3.0706100696800465	0.00943738448310635	0.03504154646527408	-2.669232872208768	ENSGALT00010063322	1	ENSGALG00010025960	CMKLR2	chemerin chemokine-like receptor 2 [Source:HGNC Symbol;Acc:HGNC:4463]	CMKLR2	Downregulated in Infected	0.005853104889135608
ENSGALT00010063332.1	3.8334306092465456	4.833477489019338	13.459401197367894	9.759841270387014e-9	1.9247791083031364e-6	10.632482522217822	ENSGALT00010063332	1	ENSGALG00010025971	TRAFD1	TRAF-type zinc finger domain containing 1 [Source:NCBI gene (formerly Entrezgene);Acc:416884]	TRAFD1	Upregulated in Infected	3.442270658515952e-23
ENSGALT00010064331.1	5.648255031685011	-0.8523054466702246	4.515132203770508	6.621098624012108e-4	0.0051159468210909866	-1.072811450180283	ENSGALT00010064331	1	ENSGALG00010026464	NA	NA	ENSGALG00010026464	Upregulated in Infected	2.1243418488192914e-4
ENSGALT00010064506.1	2.491234087130076	5.994808310356328	14.032031178006472	6.0131067157586236e-09	1.396283339725781e-6	11.070648015153761	ENSGALT00010064506	1	ENSGALG00010026550	MYD88	myeloid differentiation primary response 88 [Source:NCBI gene (formerly Entrezgene);Acc:420420]	MYD88	Upregulated in Infected	1.1601340978121819e-7
ENSGALT00010064556.1	2.620031036977499	6.633977085897822	17.291159980554532	5.147034359768691e-10	2.9256271201885216e-7	13.54793579195687	ENSGALT00010064556	1	ENSGALG00010026578	NA	NA	ENSGALG00010026578	Upregulated in Infected	2.286791361080213e-8
ENSGALT00010064626.1	-5.070710253236625	-0.27465291549766013	-4.020541094747481	0.0016112582216700154	0.009727225560452316	-1.5642292443765604	ENSGALT00010064626	1	ENSGALG00010026612	MFF	mitochondrial fission factor [Source:HGNC Symbol;Acc:HGNC:24858]	MFF	Downregulated in Infected	0.004633660736787172
ENSGALT00010064790.1	2.477874101931516	6.0369956218768515	13.63240060576776	8.415353739221508e-9	1.7599203933119093e-6	10.725444604618843	ENSGALT00010064790	1	ENSGALG00010026696	CSRNP1	cysteine and serine rich nuclear protein 1 [Source:HGNC Symbol;Acc:HGNC:14300]	CSRNP1	Upregulated in Infected	9.006381232613188e-9
ENSGALT00010064954.1	2.2661150574227147	6.664864315369699	13.695768259805401	7.973975079828492e-9	1.6996834574003656e-6	10.758137857520818	ENSGALT00010064954	1	ENSGALG00010026775	BTG2	BTG anti-proliferation factor 2 [Source:HGNC Symbol;Acc:HGNC:1131]	BTG2	Upregulated in Infected	3.230764794338551e-8
ENSGALT00010065131.1	4.046376690692369	0.8424727005358188	5.156341998502611	2.1876684121679028e-4	0.002422651368906797	0.47850987410069035	ENSGALT00010065131	1	ENSGALG00010026846	MICAL1	microtubule associated monooxygenase, calponin and LIM domain containing 1 [Source:NCBI gene (formerly Entrezgene);Acc:429474]	MICAL1	Upregulated in Infected	6.627249957284529e-4
ENSGALT00010065349.1	2.5900383498606567	7.281449166104933	15.301148368845967	2.1826449139362452e-9	7.316978411984352e-7	12.075912916164508	ENSGALT00010065349	1	ENSGALG00010026949	NA	NA	ENSGALG00010026949	Upregulated in Infected	7.485509633435618e-8
ENSGALT00010065729.1	3.2172172509757933	6.229889146792705	5.531783078978908	1.174085339296724e-4	0.001594799252544717	0.7964226344219476	ENSGALT00010065729	1	ENSGALG00010027114	FLNB	filamin B [Source:NCBI gene (formerly Entrezgene);Acc:378913]	FLNB	Upregulated in Infected	1.7188602200126263e-4
ENSGALT00010065785.1	2.985479911517426	3.43958029788951	9.44486941577896	5.336922182171114e-7	3.419332107929747e-5	6.675723946582174	ENSGALT00010065785	1	ENSGALG00010027135	PRKAG2	protein kinase AMP-activated non-catalytic subunit gamma 2 [Source:NCBI gene (formerly Entrezgene);Acc:420435]	PRKAG2	Upregulated in Infected	4.025347422864605e-9
ENSGALT00010065821.1	2.183624470409007	5.06412885054316	13.336655526700591	1.0853220505786481e-8	2.056360616857049e-6	10.50327951264144	ENSGALT00010065821	1	ENSGALG00010027148	ELL	elongation factor for RNA polymerase II [Source:NCBI gene (formerly Entrezgene);Acc:420124]	ELL	Upregulated in Infected	1.090585551149597e-12
ENSGALT00010066186.1	5.6726368132257985	-0.32194800898902093	3.1571921785927803	0.008019482496374125	0.031141358054088523	-2.55309323827477	ENSGALT00010066186	1	ENSGALG00010027297	NA	NA	ENSGALG00010027297	Upregulated in Infected	2.818824425279457e-4
ENSGALT00010066384.1	4.251391706598154	0.445340591974876	8.073718727732842	2.8704428071818754e-6	1.191610040254828e-4	2.6283443782675713	ENSGALT00010066384	1	ENSGALG00010027381	KLHL40	kelch like family member 40 [Source:HGNC Symbol;Acc:HGNC:30372]	KLHL40	Upregulated in Infected	9.047873695582577e-6
ENSGALT00010066614.1	3.9072730398222006	5.233092132290668	15.739815882384587	1.5649869672183836e-9	6.307751107144932e-7	12.4440239169422	ENSGALT00010066614	1	ENSGALG00010027499	MOV10	Mov10 RISC complex RNA helicase [Source:NCBI gene (formerly Entrezgene);Acc:419872]	MOV10	Upregulated in Infected	7.403951427111308e-9
ENSGALT00010066651.1	2.0407092996905116	3.0229360693538907	7.453982312225208	6.573006106360958e-6	2.1420123039770056e-4	4.161477413351948	ENSGALT00010066651	1	ENSGALG00010027516	PPM1J	protein phosphatase, Mg2+/Mn2+ dependent 1J [Source:HGNC Symbol;Acc:HGNC:20785]	PPM1J	Upregulated in Infected	1.0588057050806542e-5
ENSGALT00010066753.1	2.3858339061943576	3.4251778957469794	6.925409016901755	1.3828268235580403e-5	3.6291112303450017e-4	3.35537263260054	ENSGALT00010066753	1	ENSGALG00010027559	NA	NA	ENSGALG00010027559	Upregulated in Infected	5.6560419499177316e-6
ENSGALT00010066760.1	2.2922387980018586	4.337825872772653	12.785191227507053	1.767885485576479e-8	2.9304044862712724e-6	10.038969530032546	ENSGALT00010066760	1	ENSGALG00010027561	ADAMTS4	ADAM metallopeptidase with thrombospondin type 1 motif 4 [Source:HGNC Symbol;Acc:HGNC:220]	ADAMTS4	Upregulated in Infected	2.4997163510781253e-7
ENSGALT00010066972.1	12.957000384756277	2.5690111378458425	5.572109020218646	1.0994578524573556e-4	0.0015261604053396782	-0.08386835871895837	ENSGALT00010066972	1	ENSGALG00010027634	OASL	2'-5'-oligoadenylate synthetase like [Source:NCBI gene (formerly Entrezgene);Acc:395908]	OASL	Upregulated in Infected	6.0742764900000464e-9
ENSGALT00010067054.1	2.4422502950143437	6.8332374199798	13.606184607491171	8.605584450635558e-9	1.78288407571672e-6	10.676616877451822	ENSGALT00010067054	1	ENSGALG00010027665	TRAF1	TNF receptor associated factor 1 [Source:HGNC Symbol;Acc:HGNC:12031]	TRAF1	Upregulated in Infected	5.437456542519991e-7
ENSGALT00010067427.1	2.1063147141670457	0.49256984043010676	3.612657046081527	0.0034182889020139343	0.016619500904731806	-1.5890845360968164	ENSGALT00010067427	1	ENSGALG00010027825	NA	NA	ENSGALG00010027825	Upregulated in Infected	3.250575622701587e-4
ENSGALT00010067432.1	3.734501484559988	0.30401680686835886	3.1012767705153315	0.00890852616476461	0.03358574966335066	-2.4409738240629744	ENSGALT00010067432	1	ENSGALG00010027827	NA	NA	ENSGALG00010027827	Upregulated in Infected	6.113443031071325e-4
ENSGALT00010067619.1	3.11925709277604	4.051569242298452	17.985129692906217	3.223733960755423e-10	1.9851037345007283e-7	13.866086434284586	ENSGALT00010067619	1	ENSGALG00010027896	TOR4A	torsin family 4 member A [Source:HGNC Symbol;Acc:HGNC:25981]	TOR4A	Upregulated in Infected	1.3145403982267184e-10
ENSGALT00010067668.1	2.2012974304080903	6.280038854954206	15.113454505909802	2.5231955561310168e-9	7.928951135172234e-7	11.944731677937064	ENSGALT00010067668	1	ENSGALG00010027916	ADAR	adenosine deaminase RNA specific [Source:HGNC Symbol;Acc:HGNC:225]	ADAR	Upregulated in Infected	5.304646558965554e-8
ENSGALT00010067669.1	2.7441763472444745	2.1742472333786114	9.455279510006791	5.273018827607308e-7	3.398031435186012e-5	6.5797453747145225	ENSGALT00010067669	1	ENSGALG00010027917	PPARG	peroxisome proliferator-activated receptor gamma [Source:NCBI gene (formerly Entrezgene);Acc:373928]	PPARG	Upregulated in Infected	2.7706171076162003e-7
ENSGALT00010067719.1	2.079996125318968	2.9623730101992836	7.4787567387270935	6.35326629752526e-6	2.0958215369574403e-4	4.206032466746671	ENSGALT00010067719	1	ENSGALG00010027938	NA	NA	ENSGALG00010027938	Upregulated in Infected	1.809948578344396e-5
ENSGALT00010067985.1	3.631967796325765	5.016489174475225	14.782418977318017	3.2715327178981145e-9	9.61026507844682e-7	11.715989782106831	ENSGALT00010067985	1	ENSGALG00010028056	SLC25A25	solute carrier family 25 member 25 [Source:HGNC Symbol;Acc:HGNC:20663]	SLC25A25	Upregulated in Infected	9.565744239944044e-13
ENSGALT00010068173.1	2.3903202397071084	-0.2185575183959006	4.9494920764646375	3.108280698713144e-4	0.003066504963465642	-0.030579105250686744	ENSGALT00010068173	1	ENSGALG00010028133	NA	NA	ENSGALG00010028133	Upregulated in Infected	0.008799073876148557
ENSGALT00010068233.1	3.4325233746190116	4.0802617529091965	8.719143949741126	1.2687982288264678e-6	6.525920913370102e-5	5.754263256675564	ENSGALT00010068233	1	ENSGALG00010028160	NA	NA	ENSGALG00010028160	Upregulated in Infected	1.01911313663256e-6
ENSGALT00010068518.1	2.56422269838119	3.5362867573015433	5.727775550235531	8.550895324915293e-5	0.0012730439728859788	1.4749540705268345	ENSGALT00010068518	1	ENSGALG00010028301	FBN3	fibrillin 3 [Source:HGNC Symbol;Acc:HGNC:18794]	FBN3	Upregulated in Infected	1.982839866299356e-4
ENSGALT00010068834.1	3.720682989589296	3.912174095814353	11.11958853740175	8.691528115491265e-8	9.491319963754205e-6	8.473086510352326	ENSGALT00010068834	1	ENSGALG00010028419	NA	NA	ENSGALG00010028419	Upregulated in Infected	6.067560009623652e-8
ENSGALT00010068835.1	3.3847634500528234	1.3833479825051087	4.045571176077457	0.0015393470066111443	0.009390270897786419	-0.8825448462663017	ENSGALT00010068835	1	ENSGALG00010028420	NA	NA	ENSGALG00010028420	Upregulated in Infected	7.137521940739411e-5
ENSGALT00010068919.1	2.1214517081307225	7.273214400066705	14.96263611636078	2.8383286735904144e-9	8.738898616132265e-7	11.805848645588615	ENSGALT00010068919	1	ENSGALG00010028459	MCL1	BCL2 family apoptosis regulator [Source:NCBI gene (formerly Entrezgene);Acc:395674]	MCL1	Upregulated in Infected	2.9850628988088483e-16
ENSGALT00010068980.1	2.907613702701379	0.9886110557861016	4.154106378567946	0.0012638160259122047	0.008132445185028087	-0.7139228704657521	ENSGALT00010068980	1	ENSGALG00010028488	PTGES	prostaglandin E synthase [Source:NCBI gene (formerly Entrezgene);Acc:417193]	PTGES	Upregulated in Infected	3.8862058314959995e-4
ENSGALT00010068981.1	4.2151908963661295	2.361410403315142	8.077280077145522	2.8571794427105888e-6	1.1883293412009068e-4	4.868903058253193	ENSGALT00010068981	1	ENSGALG00010028489	NA	NA	ENSGALG00010028489	Upregulated in Infected	1.3588825937571165e-7
ENSGALT00010069292.1	5.828893461777024	2.38589698481089	6.338043835343452	3.297688340373625e-5	6.634060584815659e-4	2.3848835525224796	ENSGALT00010069292	1	ENSGALG00010028610	NA	NA	ENSGALG00010028610	Upregulated in Infected	7.91872760192244e-9
ENSGALT00010069465.1	3.0065136576774196	-0.4760595536394624	3.1623775202234135	0.007941688842869674	0.030924180268528882	-2.4595855707208845	ENSGALT00010069465	1	ENSGALG00010028694	NA	NA	ENSGALG00010028694	Upregulated in Infected	0.008238087374361665
ENSGALT00010069699.1	5.064322676501887	-1.144911792889855	5.3384680126839354	1.6136158276203676e-4	0.0019824356626398434	-0.3699446058965048	ENSGALT00010069699	1	ENSGALG00010028815	NA	NA	ENSGALG00010028815	Upregulated in Infected	2.6059896308109183e-4
ENSGALT00010069914.1	3.2386233243422398	5.826057910858289	13.490597547672778	9.501262009021163e-9	1.9247791083031364e-6	10.621256537634345	ENSGALT00010069914	1	ENSGALG00010028898	TNFSF15	tumor necrosis factor superfamily member 15 [Source:NCBI gene (formerly Entrezgene);Acc:417247]	TNFSF15	Upregulated in Infected	6.656404800266987e-7
ENSGALT00010069915.1	3.083138169673753	-0.3659103933621863	3.7010603645760147	0.002900709959919812	0.014778887242358629	-1.7538313044132594	ENSGALT00010069915	1	ENSGALG00010028899	TNFSF8	tumor necrosis factor superfamily member 8 [Source:NCBI gene (formerly Entrezgene);Acc:378930]	TNFSF8	Upregulated in Infected	0.0024755050859160024
ENSGALT00010070056.1	2.840227839129516	0.5209535653762216	3.580030671510329	0.0036323259077781288	0.017410032588892014	-1.6564768718587537	ENSGALT00010070056	1	ENSGALG00010028972	NA	NA	ENSGALG00010028972	Upregulated in Infected	0.0019035320150459635
ENSGALT00010070548.1	2.137611351897113	6.290072458670286	10.155715643018068	2.398902131235982e-7	1.933776816190518e-5	7.243090253664122	ENSGALT00010070548	1	ENSGALG00010029192	DTX2	deltex E3 ubiquitin ligase 2 [Source:HGNC Symbol;Acc:HGNC:15973]	DTX2	Upregulated in Infected	1.1668628984788652e-8
ENSGALT00010070553.1	-4.2700124936939154	-0.3457375863093262	-4.479235717167968	7.055732805571583e-4	0.0053565576997914675	-1.0937197783258172	ENSGALT00010070553	1	ENSGALG00010029194	DHRS11	dehydrogenase/reductase 11 [Source:NCBI gene (formerly Entrezgene);Acc:395172]	DHRS11	Downregulated in Infected	0.0070570652256657365
ENSGALT00010070771.1	3.0201630637900223	0.2009047333504324	3.3347674742375286	0.005745352668430034	0.024338424986385818	-2.075859034788173	ENSGALT00010070771	1	ENSGALG00010029267	NA	NA	ENSGALG00010029267	Upregulated in Infected	0.0032233818124742884
ENSGALT00010070846.1	2.4430296816355277	4.893338726912789	10.643642981126765	1.4214424369568292e-7	1.340873869891872e-5	7.890329835311896	ENSGALT00010070846	1	ENSGALG00010029295	SOCS3	suppressor of cytokine signaling 3 [Source:NCBI gene (formerly Entrezgene);Acc:395299]	SOCS3	Upregulated in Infected	2.166197399779199e-6
ENSGALT00010071029.1	2.0181665899028682	4.637881802482277	8.227470198635414	2.353316435289417e-6	1.0249178533889155e-4	5.005788047753513	ENSGALT00010071029	1	ENSGALG00010029368	DDX52	DExD-box helicase 52 [Source:NCBI gene (formerly Entrezgene);Acc:417660]	DDX52	Upregulated in Infected	1.9035671203892894e-5
ENSGALT00010071041.1	-2.1036774348031493	2.2736302802313673	-4.687644353012504	4.888961727340535e-4	0.004194214534507933	0.09044329401523132	ENSGALT00010071041	1	ENSGALG00010029373	GATSL2	GATS protein like 2 [Source:NCBI gene (formerly Entrezgene);Acc:417483]	GATSL2	Downregulated in Infected	0.003344158308180033
ENSGALT00010071189.1	-5.069567136369761	-1.0063805254555442	-5.82080203261563	7.37018220134093e-5	0.001153829089260775	0.07135988414684125	ENSGALT00010071189	1	ENSGALG00010029424	MAP2K6	mitogen-activated protein kinase kinase 6 [Source:HGNC Symbol;Acc:HGNC:6846]	MAP2K6	Downregulated in Infected	2.315395257458589e-4
ENSGALT00010071224.1	3.5061049756371827	6.289192165948108	16.331382934738485	1.01249565147402e-9	4.676042417057515e-7	12.875954908653387	ENSGALT00010071224	1	ENSGALG00010029445	SPHK1	sphingosine kinase 1 [Source:HGNC Symbol;Acc:HGNC:11240]	SPHK1	Upregulated in Infected	4.957539703629282e-15
ENSGALT00010071446.1	2.453799375432664	3.655067171657158	6.041461762645256	5.2060263153277604e-5	9.00320878557181e-4	1.960885212579023	ENSGALT00010071446	1	ENSGALG00010029560	NA	NA	ENSGALG00010029560	Upregulated in Infected	7.30124591511379e-7
ENSGALT00010071450.1	6.069904674021368	3.266830161507305	6.2519227765839736	3.7605289426292086e-5	7.198912400708488e-4	2.548753344213508	ENSGALT00010071450	1	ENSGALG00010029562	NA	NA	ENSGALG00010029562	Upregulated in Infected	1.691323598382648e-7
ENSGALT00010071509.1	2.1405268787056473	0.641093435430943	2.8852895110257006	0.0133702612191704	0.045479421559476714	-2.7796470482703315	ENSGALT00010071509	1	ENSGALG00010029583	LIMK1	LIM domain kinase 1 [Source:NCBI gene (formerly Entrezgene);Acc:373922]	LIMK1	Upregulated in Infected	0.006410233202897948
ENSGALT00010071512.1	4.068672239073297	5.805904296175473	24.848082778177655	6.633133261741465e-12	1.4709262162357398e-8	17.651053749697105	ENSGALT00010071512	1	ENSGALG00010029584	TRIM25	tripartite motif containing 25 [Source:NCBI gene (formerly Entrezgene);Acc:417401]	TRIM25	Upregulated in Infected	7.850714540453595e-16
ENSGALT00010071919.1	2.1874001983692355	3.1377331114532216	6.349826439777375	3.23921717628452e-5	6.551730507652851e-4	2.5256301366326372	ENSGALT00010071919	1	ENSGALG00010029730	TTC19	tetratricopeptide repeat domain 19 [Source:HGNC Symbol;Acc:HGNC:26006]	TTC19	Upregulated in Infected	2.1708461683080804e-4
